algorithm,sweep_parameter,sweep_value,num_requests_per_trial,request_seed,topology_seed,num_nodes,num_edges,average_edge_length_km,trial,throughput_qbps,realized_throughput,realized_successful_ghz_count,ilp_expected_objective,ilp_expected_throughput_term,ilp_covered_requests,ilp_selected_tree_count,deployed_source_count,served_requests,failed_requests,per_request_ghz,request_batch,ordered_requests,cost,used_budget,candidate_edge_count,effective_capacity,placement_runtime,link_deployment_runtime,routing_runtime,placement_and_routing_runtime,algorithm_running_time,total_runtime,deployed_dict,seed,source_seed,link_seed,operation_seed_base,request_operation_seeds,master_seed,request_order_seed,source_metadata,ci95_halfwidth,throughput_ci95_halfwidth,placement_runtime_ci95_halfwidth,link_deployment_runtime_ci95_halfwidth,routing_runtime_ci95_halfwidth,placement_and_routing_runtime_ci95_halfwidth,algorithm_running_time_ci95_halfwidth,total_runtime_ci95_halfwidth
BT-MP_t,num_requests_per_trial,2,2,593145736,,25,40,10.0,0,1.0,1.0,1.0,,,,,40,1,1,"[1, 0]","[[4, 18, 12], [19, 13, 21]]","[[4, 18, 12], [19, 13, 21]]",40,40,40,160,0.0024803000000019892,0.0009265999999996666,0.0025522000000037792,0.0050325000000057685,0.006388999999998646,0.006388999999998646,"{(12, 13): 1, (7, 12): 1, (11, 12): 1, (12, 17): 1, (6, 7): 1, (7, 8): 1, (6, 11): 1, (8, 13): 1, (11, 16): 1, (13, 18): 1, (16, 17): 1, (17, 18): 1, (2, 7): 1, (10, 11): 1, (13, 14): 1, (17, 22): 1, (16, 21): 1, (18, 19): 1, (18, 23): 1, (3, 8): 1, (5, 6): 1, (8, 9): 1, (15, 16): 1, (1, 6): 1, (1, 2): 1, (2, 3): 1, (5, 10): 1, (9, 14): 1, (10, 15): 1, (14, 19): 1, (21, 22): 1, (22, 23): 1, (4, 9): 1, (0, 1): 1, (0, 5): 1, (3, 4): 1, (15, 20): 1, (19, 24): 1, (20, 21): 1, (23, 24): 1}",1917356134,3074377297,2012288188,689960118,"[4265918666, 2813778286]",1,4029182149,"{'betweenness_scores': {(0, 1): 0.04896031746031746, (0, 5): 0.04896031746031746, (1, 2): 0.06992857142857144, (1, 6): 0.0758253968253968, (5, 6): 0.07582539682539681, (5, 10): 0.06992857142857144, (2, 3): 0.06992857142857144, (2, 7): 0.08376190476190479, (6, 7): 0.11528571428571432, (6, 11): 0.11528571428571428, (3, 4): 0.04896031746031746, (3, 8): 0.07582539682539681, (7, 8): 0.11528571428571431, (7, 12): 0.12957142857142856, (4, 9): 0.04896031746031747, (8, 9): 0.07582539682539681, (8, 13): 0.11528571428571428, (9, 14): 0.06992857142857144, (10, 11): 0.08376190476190479, (10, 15): 0.06992857142857144, (11, 12): 0.12957142857142856, (11, 16): 0.11528571428571428, (12, 13): 0.1295714285714286, (12, 17): 0.12957142857142856, (13, 14): 0.08376190476190479, (13, 18): 0.11528571428571428, (14, 19): 0.06992857142857144, (15, 16): 0.07582539682539681, (15, 20): 0.04896031746031746, (16, 17): 0.11528571428571428, (16, 21): 0.07582539682539682, (17, 18): 0.11528571428571428, (17, 22): 0.08376190476190476, (18, 19): 0.07582539682539682, (18, 23): 0.07582539682539682, (19, 24): 0.04896031746031746, (20, 21): 0.04896031746031746, (21, 22): 0.06992857142857144, (22, 23): 0.06992857142857144, (23, 24): 0.04896031746031746}, 'allocation': {(0, 1): 1, (0, 5): 1, (1, 2): 1, (1, 6): 1, (2, 3): 1, (2, 7): 1, (3, 4): 1, (3, 8): 1, (4, 9): 1, (5, 6): 1, (5, 10): 1, (6, 7): 1, (6, 11): 1, (7, 8): 1, (7, 12): 1, (8, 9): 1, (8, 13): 1, (9, 14): 1, (10, 11): 1, (10, 15): 1, (11, 12): 1, (11, 16): 1, (12, 13): 1, (12, 17): 1, (13, 14): 1, (13, 18): 1, (14, 19): 1, (15, 16): 1, (15, 20): 1, (16, 17): 1, (16, 21): 1, (17, 18): 1, (17, 22): 1, (18, 19): 1, (18, 23): 1, (19, 24): 1, (20, 21): 1, (21, 22): 1, (22, 23): 1, (23, 24): 1}, 'used_budget': 40, 'candidate_edge_count': 40, 'effective_capacity': 160}",,,,,,,,
BT-MP_t,num_requests_per_trial,2,2,593145736,,25,40,10.0,SUMMARY,1.0,1.0,1.0,,,,,,,,,,,,,,,0.0024803000000019892,0.0009265999999996666,0.0025522000000037792,0.0050325000000057685,0.006388999999998646,0.006388999999998646,,,,,,,1,,,0.0,0.0,0.0,0.0,0.0,0.0,0.0,0.0
DP-MP_t,num_requests_per_trial,2,2,593145736,,25,40,10.0,0,2.0,2.0,2.0,,,,,40,2,0,"[1, 1]","[[4, 18, 12], [19, 13, 21]]","[[4, 18, 12], [19, 13, 21]]",40,40,31,124,0.012292899999998497,0.00046610000000413265,0.0014569000000008714,0.013749799999999368,0.014791999999999916,0.014791999999999916,"{(2, 3): 1, (2, 7): 1, (3, 4): 2, (3, 8): 1, (4, 9): 2, (7, 8): 1, (7, 12): 2, (8, 9): 1, (8, 13): 1, (9, 14): 1, (11, 12): 1, (11, 16): 1, (12, 13): 3, (12, 17): 3, (13, 14): 2, (13, 18): 3, (14, 19): 2, (16, 17): 1, (16, 21): 2, (17, 18): 2, (18, 19): 2, (19, 24): 1, (21, 22): 2, (22, 23): 1, (23, 24): 1}",1401080234,1198487884,2012288188,689960118,"[4265918666, 2813778286]",1,4029182149,"{'used_budget': 40, 'candidate_edge_count': 31, 'effective_capacity': 124, 'dp_candidate_seed': 3229805457, 'dp_candidate_tree_counts': {0: 4, 1: 4}, 'dp_path_edge_count': 30, 'dp_allocation': {(1, 2): 0, (1, 6): 0, (2, 3): 1, (2, 7): 1, (3, 4): 2, (3, 8): 1, (4, 9): 2, (6, 7): 0, (6, 11): 0, (7, 8): 1, (7, 12): 2, (8, 9): 1, (8, 13): 1, (9, 14): 1, (11, 12): 1, (11, 16): 1, (12, 13): 3, (12, 17): 3, (13, 14): 2, (13, 18): 3, (14, 19): 2, (16, 17): 1, (16, 21): 2, (17, 18): 2, (17, 22): 0, (18, 19): 2, (18, 23): 0, (19, 24): 1, (21, 22): 2, (22, 23): 1, (23, 24): 1}, 'dp_value': 8.643223943060057, 'dp_parts': {'F_topo': {(3, 4): 0.38913179262950404, (3, 8): 0.3079325421610683, (8, 13): 0.4759525296688317, (13, 18): 0.9999999999997377, (4, 9): 0.907557776389518, (8, 9): 0.3079325421610683, (9, 14): 0.592129918800594, (13, 14): 0.4528419737662772, (14, 19): 0.5690193628980392, (18, 19): 0.8457214241097095, (2, 3): 0.07370393504058029, (2, 7): 0.06620861961272467, (7, 12): 0.1911305434103184, (7, 8): 0.13991255465330496, (12, 13): 0.890693316676843, (1, 2): 0.0, (1, 6): 0.0, (6, 11): 0.022485946283566868, (11, 16): 0.198625858838174, (16, 21): 0.6014990630854137, (6, 7): 0.014990630855711248, (11, 12): 0.1686445971267515, (12, 17): 0.5633978763271477, (16, 17): 0.3953778888193842, (17, 18): 0.6645846346031985, (17, 22): 0.3953778888193842, (21, 22): 0.695190505933609, (18, 23): 0.21923797626477695, (22, 23): 0.2923173016863693, (19, 24): 0.0655840099937367, (23, 24): 0.0655840099937367}, 'F_demand': {(1, 2): 0.0, (1, 6): 0.0, (2, 3): 0.2499999999999375, (2, 7): 0.2499999999999375, (3, 4): 0.499999999999875, (3, 8): 0.2499999999999375, (4, 9): 0.499999999999875, (6, 7): 0.0, (6, 11): 0.0, (7, 8): 0.2499999999999375, (7, 12): 0.499999999999875, (8, 9): 0.2499999999999375, (8, 13): 0.2499999999999375, (9, 14): 0.2499999999999375, (11, 12): 0.2499999999999375, (11, 16): 0.2499999999999375, (12, 13): 0.99999999999975, (12, 17): 0.7499999999998125, (13, 14): 0.499999999999875, (13, 18): 0.99999999999975, (14, 19): 0.7499999999998125, (16, 17): 0.2499999999999375, (16, 21): 0.499999999999875, (17, 18): 0.7499999999998125, (17, 22): 0.0, (18, 19): 0.7499999999998125, (18, 23): 0.0, (19, 24): 0.2499999999999375, (21, 22): 0.499999999999875, (22, 23): 0.2499999999999375, (23, 24): 0.2499999999999375}, 'F_qual': {(1, 2): 0.0, (1, 6): 0.0, (2, 3): 0.0, (2, 7): 0.0, (3, 4): 0.0, (3, 8): 0.0, (4, 9): 0.0, (6, 7): 0.0, (6, 11): 0.0, (7, 8): 0.0, (7, 12): 0.0, (8, 9): 0.0, (8, 13): 0.0, (9, 14): 0.0, (11, 12): 0.0, (11, 16): 0.0, (12, 13): 0.0, (12, 17): 0.0, (13, 14): 0.0, (13, 18): 0.0, (14, 19): 0.0, (16, 17): 0.0, (16, 21): 0.0, (17, 18): 0.0, (17, 22): 0.0, (18, 19): 0.0, (18, 23): 0.0, (19, 24): 0.0, (21, 22): 0.0, (22, 23): 0.0, (23, 24): 0.0}, 'F_overlap': {(1, 2): 0.0, (1, 6): 0.0, (2, 3): 0.0, (2, 7): 0.0, (3, 4): 0.0, (3, 8): 0.0, (4, 9): 0.0, (6, 7): 0.0, (6, 11): 0.0, (7, 8): 0.0, (7, 12): 0.0, (8, 9): 0.0, (8, 13): 0.0, (9, 14): 0.0, (11, 12): 0.0, (11, 16): 0.0, (12, 13): 0.0, (12, 17): 0.0, (13, 14): 0.0, (13, 18): 0.0, (14, 19): 0.0, (16, 17): 0.0, (16, 21): 0.0, (17, 18): 0.0, (17, 22): 0.0, (18, 19): 0.0, (18, 23): 0.0, (19, 24): 0.0, (21, 22): 0.0, (22, 23): 0.0, (23, 24): 0.0}}, 'dp_total_pairs': 40}",,,,,,,,
DP-MP_t,num_requests_per_trial,2,2,593145736,,25,40,10.0,SUMMARY,2.0,2.0,2.0,,,,,,,,,,,,,,,0.012292899999998497,0.00046610000000413265,0.0014569000000008714,0.013749799999999368,0.014791999999999916,0.014791999999999916,,,,,,,1,,,0.0,0.0,0.0,0.0,0.0,0.0,0.0,0.0
LP_R-MP_t,num_requests_per_trial,2,2,593145736,,25,40,10.0,0,1.0,1.0,1.0,2000.1850939921896,0.18509399218934652,2,7,40,1,1,"[1, 0]","[[4, 18, 12], [19, 13, 21]]","[[4, 18, 12], [19, 13, 21]]",40,40,35,140,0.23597529999999978,0.0005002999999987878,0.0010364999999978863,0.23701179999999766,0.23789010000000133,0.23789010000000133,"{(2, 3): 1, (2, 7): 1, (3, 4): 3, (3, 8): 2, (4, 9): 2, (7, 8): 1, (7, 12): 2, (8, 9): 1, (8, 13): 2, (9, 14): 1, (12, 13): 2, (12, 17): 3, (13, 14): 2, (13, 18): 2, (14, 19): 3, (17, 18): 3, (18, 19): 2, (18, 23): 1, (19, 24): 1, (21, 22): 2, (22, 23): 2, (23, 24): 1}",148139878,1899179786,2012288188,689960118,"[4265918666, 2813778286]",1,4029182149,"{'lp_objective': 2000.1850939921896, 'ilp_expected_objective': 2000.1850939921896, 'ilp_expected_throughput_term': 0.18509399218934652, 'ilp_covered_requests': 2, 'ilp_selected_tree_count': 7, 'deployed_source_count': 40, 'ilp_objective_mode': 'coverage_expected_throughput', 'lp_status': 'OPTIMAL', 'lp_candidate_seed': 1934997417, 'lp_solver_seed': 1901584977, 'lp_selected_trees': 7, 'lp_candidate_tree_counts': {0: 10, 1: 8}, 'lp_minimum_routing_source_placement': None, 'lp_used_budget': 40, 'lp_memory_load': {2: 2, 3: 6, 4: 5, 7: 4, 8: 6, 9: 4, 12: 7, 13: 8, 14: 6, 17: 6, 18: 8, 19: 6, 21: 2, 22: 4, 23: 4, 24: 2}, 'used_budget': 40, 'candidate_edge_count': 35, 'effective_capacity': 140}",,,,,,,,
LP_R-MP_t,num_requests_per_trial,2,2,593145736,,25,40,10.0,SUMMARY,1.0,1.0,1.0,,,,,,,,,,,,,,,0.23597529999999978,0.0005002999999987878,0.0010364999999978863,0.23701179999999766,0.23789010000000133,0.23789010000000133,,,,,,,1,,,0.0,0.0,0.0,0.0,0.0,0.0,0.0,0.0
ILP_CG-MP_t,num_requests_per_trial,2,2,593145736,,25,40,10.0,0,1.0,1.0,1.0,2000.059400330114,0.0594003301136079,2,3,40,1,1,"[0, 1]","[[4, 18, 12], [19, 13, 21]]","[[4, 18, 12], [19, 13, 21]]",40,40,40,160,0.24441970000000168,0.0005306999999987738,0.001037900000000036,0.24545760000000172,0.24667449999999747,0.24667449999999747,"{(1, 2): 1, (1, 6): 1, (2, 3): 1, (2, 7): 1, (3, 4): 1, (3, 8): 1, (4, 9): 2, (6, 7): 1, (6, 11): 1, (7, 8): 1, (7, 12): 1, (8, 9): 2, (8, 13): 1, (9, 14): 1, (11, 12): 1, (11, 16): 1, (12, 13): 2, (12, 17): 2, (13, 14): 2, (13, 18): 2, (14, 19): 2, (16, 17): 1, (16, 21): 1, (17, 18): 2, (17, 22): 1, (18, 19): 1, (18, 23): 1, (19, 24): 1, (21, 22): 2, (22, 23): 1, (23, 24): 1}",3403111947,1899179786,2012288188,689960118,"[4265918666, 2813778286]",1,4029182149,"{'ilp_objective': 2000.059400330114, 'ilp_expected_objective': 2000.059400330114, 'ilp_expected_throughput_term': 0.0594003301136079, 'ilp_covered_requests': 2, 'ilp_selected_tree_count': 3, 'deployed_source_count': 40, 'ilp_objective_mode': 'coverage_expected_throughput', 'ilp_use_redundancy_reward': False, 'ilp_spend_remaining_budget_after_solve': True, 'ilp_status': 'OPTIMAL', 'ilp_cg_iterations': 1, 'ilp_cg_added_columns': 2, 'ilp_cg_pricing_mode': 'candidate_pool_exact', 'ilp_cg_pricing_pool_trees': 32, 'ilp_cg_pricing_pool_seed': 1934997417, 'ilp_cg_initial_seed': 1934997417, 'ilp_cg_final_solver_seed': 4122478884, 'ilp_cg_max_trees_per_request': 2, 'ilp_cg_max_pricing_columns_per_request': 1, 'ilp_selected_trees': 3, 'ilp_candidate_tree_counts': {0: 3, 1: 3}, 'ilp_minimum_routing_source_placement': {(2, 3): 1, (2, 7): 1, (3, 4): 1, (7, 12): 1, (12, 17): 1, (13, 14): 2, (13, 18): 1, (14, 19): 2, (17, 18): 2, (17, 22): 1, (19, 24): 1, (21, 22): 2, (22, 23): 1, (23, 24): 1}, 'ilp_optimized_z_used_budget': 18, 'ilp_deployed_used_budget': 40, 'ilp_redundant_used_budget': 40, 'ilp_redundant_routing_source_placement': {(1, 2): 1, (1, 6): 1, (2, 3): 1, (2, 7): 1, (3, 4): 1, (3, 8): 1, (4, 9): 2, (6, 7): 1, (6, 11): 1, (7, 8): 1, (7, 12): 1, (8, 9): 2, (8, 13): 1, (9, 14): 1, (11, 12): 1, (11, 16): 1, (12, 13): 2, (12, 17): 2, (13, 14): 2, (13, 18): 2, (14, 19): 2, (16, 17): 1, (16, 21): 1, (17, 18): 2, (17, 22): 1, (18, 19): 1, (18, 23): 1, (19, 24): 1, (21, 22): 2, (22, 23): 1, (23, 24): 1}, 'ilp_redundant_memory_load': {1: 2, 2: 3, 3: 3, 4: 3, 6: 3, 7: 4, 8: 5, 9: 5, 11: 3, 12: 6, 13: 7, 14: 5, 16: 3, 17: 6, 18: 6, 19: 4, 21: 3, 22: 4, 23: 3, 24: 2}, 'used_budget': 40, 'candidate_edge_count': 40, 'effective_capacity': 160}",,,,,,,,
ILP_CG-MP_t,num_requests_per_trial,2,2,593145736,,25,40,10.0,SUMMARY,1.0,1.0,1.0,,,,,,,,,,,,,,,0.24441970000000168,0.0005306999999987738,0.001037900000000036,0.24545760000000172,0.24667449999999747,0.24667449999999747,,,,,,,1,,,0.0,0.0,0.0,0.0,0.0,0.0,0.0,0.0
ILP-MP_t,num_requests_per_trial,2,2,593145736,,25,40,10.0,0,1.0,1.0,1.0,2000.039600220076,0.0396002200757386,2,2,40,1,1,"[1, 0]","[[4, 18, 12], [19, 13, 21]]","[[4, 18, 12], [19, 13, 21]]",40,40,40,160,0.017299600000001192,0.000495100000001969,0.0016344000000003689,0.01893400000000156,0.01979599999999948,0.01979599999999948,"{(1, 2): 1, (1, 6): 1, (2, 3): 1, (2, 7): 1, (3, 4): 2, (3, 8): 1, (4, 9): 2, (6, 7): 1, (6, 11): 1, (7, 8): 1, (7, 12): 2, (8, 9): 1, (8, 13): 1, (9, 14): 1, (11, 12): 1, (11, 16): 1, (12, 13): 2, (12, 17): 2, (13, 14): 2, (13, 18): 2, (14, 19): 2, (16, 17): 1, (16, 21): 1, (17, 18): 2, (17, 22): 1, (18, 19): 1, (18, 23): 1, (19, 24): 1, (21, 22): 1, (22, 23): 1, (23, 24): 1}",314954152,1899179786,2012288188,689960118,"[4265918666, 2813778286]",1,4029182149,"{'ilp_objective': 2000.039600220076, 'ilp_expected_objective': 2000.039600220076, 'ilp_expected_throughput_term': 0.0396002200757386, 'ilp_covered_requests': 2, 'ilp_selected_tree_count': 2, 'deployed_source_count': 40, 'ilp_objective_mode': 'coverage_expected_throughput', 'ilp_use_redundancy_reward': False, 'ilp_spend_remaining_budget_after_solve': True, 'ilp_status': 'OPTIMAL', 'ilp_candidate_seed': 1934997417, 'ilp_solver_seed': 1714257075, 'ilp_selected_trees': 2, 'ilp_candidate_tree_counts': {0: 4, 1: 4}, 'ilp_minimum_routing_source_placement': {(3, 4): 1, (3, 8): 1, (7, 8): 1, (7, 12): 1, (12, 17): 1, (13, 14): 1, (14, 19): 1, (17, 18): 1, (19, 24): 1, (21, 22): 1, (22, 23): 1, (23, 24): 1}, 'ilp_optimized_z_used_budget': 12, 'ilp_deployed_used_budget': 40, 'ilp_redundant_used_budget': 40, 'ilp_redundant_routing_source_placement': {(1, 2): 1, (1, 6): 1, (2, 3): 1, (2, 7): 1, (3, 4): 2, (3, 8): 1, (4, 9): 2, (6, 7): 1, (6, 11): 1, (7, 8): 1, (7, 12): 2, (8, 9): 1, (8, 13): 1, (9, 14): 1, (11, 12): 1, (11, 16): 1, (12, 13): 2, (12, 17): 2, (13, 14): 2, (13, 18): 2, (14, 19): 2, (16, 17): 1, (16, 21): 1, (17, 18): 2, (17, 22): 1, (18, 19): 1, (18, 23): 1, (19, 24): 1, (21, 22): 1, (22, 23): 1, (23, 24): 1}, 'ilp_redundant_memory_load': {1: 2, 2: 3, 3: 4, 4: 4, 6: 3, 7: 5, 8: 4, 9: 4, 11: 3, 12: 7, 13: 7, 14: 5, 16: 3, 17: 6, 18: 6, 19: 4, 21: 2, 22: 3, 23: 3, 24: 2}, 'used_budget': 40, 'candidate_edge_count': 40, 'effective_capacity': 160}",,,,,,,,
ILP-MP_t,num_requests_per_trial,2,2,593145736,,25,40,10.0,SUMMARY,1.0,1.0,1.0,,,,,,,,,,,,,,,0.017299600000001192,0.000495100000001969,0.0016344000000003689,0.01893400000000156,0.01979599999999948,0.01979599999999948,,,,,,,1,,,0.0,0.0,0.0,0.0,0.0,0.0,0.0,0.0
BT-MP_t,num_requests_per_trial,3,3,593145736,,25,40,10.0,0,1.0,1.0,1.0,,,,,40,1,2,"[1, 0, 0]","[[4, 18, 12], [19, 13, 21], [3, 1, 15]]","[[4, 18, 12], [19, 13, 21], [3, 1, 15]]",40,40,40,160,0.002992000000006101,0.00044949999999488455,0.00159699999999674,0.004589000000002841,0.005484099999996772,0.005484099999996772,"{(12, 13): 1, (7, 12): 1, (11, 12): 1, (12, 17): 1, (6, 7): 1, (7, 8): 1, (6, 11): 1, (8, 13): 1, (11, 16): 1, (13, 18): 1, (16, 17): 1, (17, 18): 1, (2, 7): 1, (10, 11): 1, (13, 14): 1, (17, 22): 1, (16, 21): 1, (18, 19): 1, (18, 23): 1, (3, 8): 1, (5, 6): 1, (8, 9): 1, (15, 16): 1, (1, 6): 1, (1, 2): 1, (2, 3): 1, (5, 10): 1, (9, 14): 1, (10, 15): 1, (14, 19): 1, (21, 22): 1, (22, 23): 1, (4, 9): 1, (0, 1): 1, (0, 5): 1, (3, 4): 1, (15, 20): 1, (19, 24): 1, (20, 21): 1, (23, 24): 1}",1917356134,3074377297,2012288188,689960118,"[4265918666, 2813778286, 1199889537]",1,4029182149,"{'betweenness_scores': {(0, 1): 0.04896031746031746, (0, 5): 0.04896031746031746, (1, 2): 0.06992857142857144, (1, 6): 0.0758253968253968, (5, 6): 0.07582539682539681, (5, 10): 0.06992857142857144, (2, 3): 0.06992857142857144, (2, 7): 0.08376190476190479, (6, 7): 0.11528571428571432, (6, 11): 0.11528571428571428, (3, 4): 0.04896031746031746, (3, 8): 0.07582539682539681, (7, 8): 0.11528571428571431, (7, 12): 0.12957142857142856, (4, 9): 0.04896031746031747, (8, 9): 0.07582539682539681, (8, 13): 0.11528571428571428, (9, 14): 0.06992857142857144, (10, 11): 0.08376190476190479, (10, 15): 0.06992857142857144, (11, 12): 0.12957142857142856, (11, 16): 0.11528571428571428, (12, 13): 0.1295714285714286, (12, 17): 0.12957142857142856, (13, 14): 0.08376190476190479, (13, 18): 0.11528571428571428, (14, 19): 0.06992857142857144, (15, 16): 0.07582539682539681, (15, 20): 0.04896031746031746, (16, 17): 0.11528571428571428, (16, 21): 0.07582539682539682, (17, 18): 0.11528571428571428, (17, 22): 0.08376190476190476, (18, 19): 0.07582539682539682, (18, 23): 0.07582539682539682, (19, 24): 0.04896031746031746, (20, 21): 0.04896031746031746, (21, 22): 0.06992857142857144, (22, 23): 0.06992857142857144, (23, 24): 0.04896031746031746}, 'allocation': {(0, 1): 1, (0, 5): 1, (1, 2): 1, (1, 6): 1, (2, 3): 1, (2, 7): 1, (3, 4): 1, (3, 8): 1, (4, 9): 1, (5, 6): 1, (5, 10): 1, (6, 7): 1, (6, 11): 1, (7, 8): 1, (7, 12): 1, (8, 9): 1, (8, 13): 1, (9, 14): 1, (10, 11): 1, (10, 15): 1, (11, 12): 1, (11, 16): 1, (12, 13): 1, (12, 17): 1, (13, 14): 1, (13, 18): 1, (14, 19): 1, (15, 16): 1, (15, 20): 1, (16, 17): 1, (16, 21): 1, (17, 18): 1, (17, 22): 1, (18, 19): 1, (18, 23): 1, (19, 24): 1, (20, 21): 1, (21, 22): 1, (22, 23): 1, (23, 24): 1}, 'used_budget': 40, 'candidate_edge_count': 40, 'effective_capacity': 160}",,,,,,,,
BT-MP_t,num_requests_per_trial,3,3,593145736,,25,40,10.0,SUMMARY,1.0,1.0,1.0,,,,,,,,,,,,,,,0.002992000000006101,0.00044949999999488455,0.00159699999999674,0.004589000000002841,0.005484099999996772,0.005484099999996772,,,,,,,1,,,0.0,0.0,0.0,0.0,0.0,0.0,0.0,0.0
DP-MP_t,num_requests_per_trial,3,3,593145736,,25,40,10.0,0,0.0,0.0,0.0,,,,,40,0,3,"[0, 0, 0]","[[4, 18, 12], [19, 13, 21], [3, 1, 15]]","[[4, 18, 12], [19, 13, 21], [3, 1, 15]]",40,40,40,160,0.02410600000000329,0.0004789000000045007,0.0008796000000046433,0.024985600000007935,0.026021599999999978,0.026021599999999978,"{(0, 1): 1, (0, 5): 1, (1, 2): 2, (1, 6): 2, (2, 3): 2, (2, 7): 1, (3, 4): 1, (3, 8): 1, (4, 9): 1, (5, 6): 1, (5, 10): 1, (6, 7): 1, (6, 11): 1, (7, 8): 1, (7, 12): 1, (8, 9): 1, (8, 13): 1, (9, 14): 1, (10, 11): 1, (10, 15): 2, (11, 16): 1, (12, 13): 2, (12, 17): 2, (13, 14): 1, (13, 18): 2, (14, 19): 2, (16, 21): 1, (17, 18): 2, (18, 19): 2, (21, 22): 1}",1401080234,1198487884,2012288188,689960118,"[4265918666, 2813778286, 1199889537]",1,4029182149,"{'used_budget': 40, 'candidate_edge_count': 40, 'effective_capacity': 160, 'dp_candidate_seed': 3229805457, 'dp_candidate_tree_counts': {0: 4, 1: 4, 2: 4}, 'dp_path_edge_count': 40, 'dp_allocation': {(0, 1): 1, (0, 5): 1, (1, 2): 2, (1, 6): 2, (2, 3): 2, (2, 7): 1, (3, 4): 1, (3, 8): 1, (4, 9): 1, (5, 6): 1, (5, 10): 1, (6, 7): 1, (6, 11): 1, (7, 8): 1, (7, 12): 1, (8, 9): 1, (8, 13): 1, (9, 14): 1, (10, 11): 1, (10, 15): 2, (11, 12): 0, (11, 16): 1, (12, 13): 2, (12, 17): 2, (13, 14): 1, (13, 18): 2, (14, 19): 2, (15, 16): 0, (15, 20): 0, (16, 17): 0, (16, 21): 1, (17, 18): 2, (17, 22): 0, (18, 19): 2, (18, 23): 0, (19, 24): 0, (20, 21): 0, (21, 22): 1, (22, 23): 0, (23, 24): 0}, 'dp_value': 11.110292876053697, 'dp_parts': {'F_topo': {(3, 4): 0.6488520888218768, (3, 8): 0.9815581482873869, (8, 13): 0.9999999999998419, (13, 18): 0.9954836281518941, (4, 9): 0.622506586375513, (8, 9): 0.25442228076774287, (9, 14): 0.450508091832823, (13, 14): 0.3383515242754452, (14, 19): 0.5054572826495248, (18, 19): 0.7512231840420343, (2, 3): 0.6243884079788249, (2, 7): 0.36996612721108213, (7, 12): 0.60105382009776, (7, 8): 0.3729770417763809, (12, 13): 0.9382762514112185, (1, 2): 0.6108392924349806, (1, 6): 0.6432066240119423, (6, 11): 0.48438088069243396, (11, 16): 0.5494919081670192, (16, 21): 0.6654121189310208, (6, 7): 0.2788859616107955, (11, 12): 0.5141136620247588, (12, 17): 0.5773428678960326, (16, 17): 0.789235980428931, (17, 18): 0.858487015430802, (17, 22): 0.24087316522389882, (21, 22): 0.4320662401203687, (18, 23): 0.10312382386148168, (22, 23): 0.14715844937897568, (19, 24): 0.0, (23, 24): 0.0, (0, 1): 0.007903650733909178, (0, 5): 0.007903650733909178, (5, 10): 0.08919834399697502, (10, 15): 0.3135114791117309, (5, 6): 0.03726006774557184, (10, 11): 0.18027850959726185, (15, 16): 0.783966879939658, (20, 21): 0.035001881821597795, (15, 20): 0.035001881821597795}, 'F_demand': {(0, 1): 0.2499999999999375, (0, 5): 0.2499999999999375, (1, 2): 0.7499999999998125, (1, 6): 0.7499999999998125, (2, 3): 0.99999999999975, (2, 7): 0.2499999999999375, (3, 4): 0.499999999999875, (3, 8): 0.499999999999875, (4, 9): 0.499999999999875, (5, 6): 0.2499999999999375, (5, 10): 0.499999999999875, (6, 7): 0.2499999999999375, (6, 11): 0.499999999999875, (7, 8): 0.499999999999875, (7, 12): 0.499999999999875, (8, 9): 0.2499999999999375, (8, 13): 0.2499999999999375, (9, 14): 0.2499999999999375, (10, 11): 0.2499999999999375, (10, 15): 0.7499999999998125, (11, 12): 0.2499999999999375, (11, 16): 0.499999999999875, (12, 13): 0.99999999999975, (12, 17): 0.7499999999998125, (13, 14): 0.499999999999875, (13, 18): 0.99999999999975, (14, 19): 0.7499999999998125, (15, 16): 0.2499999999999375, (15, 20): 0.0, (16, 17): 0.2499999999999375, (16, 21): 0.499999999999875, (17, 18): 0.7499999999998125, (17, 22): 0.2499999999999375, (18, 19): 0.7499999999998125, (18, 23): 0.0, (19, 24): 0.2499999999999375, (20, 21): 0.0, (21, 22): 0.499999999999875, (22, 23): 0.2499999999999375, (23, 24): 0.2499999999999375}, 'F_qual': {(0, 1): 0.0, (0, 5): 0.0, (1, 2): 0.0, (1, 6): 0.0, (2, 3): 0.0, (2, 7): 0.0, (3, 4): 0.0, (3, 8): 0.0, (4, 9): 0.0, (5, 6): 0.0, (5, 10): 0.0, (6, 7): 0.0, (6, 11): 0.0, (7, 8): 0.0, (7, 12): 0.0, (8, 9): 0.0, (8, 13): 0.0, (9, 14): 0.0, (10, 11): 0.0, (10, 15): 0.0, (11, 12): 0.0, (11, 16): 0.0, (12, 13): 0.0, (12, 17): 0.0, (13, 14): 0.0, (13, 18): 0.0, (14, 19): 0.0, (15, 16): 0.0, (15, 20): 0.0, (16, 17): 0.0, (16, 21): 0.0, (17, 18): 0.0, (17, 22): 0.0, (18, 19): 0.0, (18, 23): 0.0, (19, 24): 0.0, (20, 21): 0.0, (21, 22): 0.0, (22, 23): 0.0, (23, 24): 0.0}, 'F_overlap': {(0, 1): 0.0, (0, 5): 0.0, (1, 2): 0.0, (1, 6): 0.0, (2, 3): 0.0, (2, 7): 0.0, (3, 4): 0.0, (3, 8): 0.0, (4, 9): 0.0, (5, 6): 0.0, (5, 10): 0.0, (6, 7): 0.0, (6, 11): 0.0, (7, 8): 0.0, (7, 12): 0.0, (8, 9): 0.0, (8, 13): 0.0, (9, 14): 0.0, (10, 11): 0.0, (10, 15): 0.0, (11, 12): 0.0, (11, 16): 0.0, (12, 13): 0.0, (12, 17): 0.0, (13, 14): 0.0, (13, 18): 0.0, (14, 19): 0.0, (15, 16): 0.0, (15, 20): 0.0, (16, 17): 0.0, (16, 21): 0.0, (17, 18): 0.0, (17, 22): 0.0, (18, 19): 0.0, (18, 23): 0.0, (19, 24): 0.0, (20, 21): 0.0, (21, 22): 0.0, (22, 23): 0.0, (23, 24): 0.0}}, 'dp_total_pairs': 40}",,,,,,,,
DP-MP_t,num_requests_per_trial,3,3,593145736,,25,40,10.0,SUMMARY,0.0,0.0,0.0,,,,,,,,,,,,,,,0.02410600000000329,0.0004789000000045007,0.0008796000000046433,0.024985600000007935,0.026021599999999978,0.026021599999999978,,,,,,,1,,,0.0,0.0,0.0,0.0,0.0,0.0,0.0,0.0
LP_R-MP_t,num_requests_per_trial,3,3,593145736,,25,40,10.0,0,1.0,1.0,1.0,3000.1850939921896,0.18509399218934652,3,7,40,1,2,"[1, 0, 0]","[[4, 18, 12], [19, 13, 21], [3, 1, 15]]","[[4, 18, 12], [19, 13, 21], [3, 1, 15]]",40,40,40,160,0.37212519999999927,0.0005553999999960979,0.0016083000000008951,0.37373350000000016,0.3747571999999977,0.3747571999999977,"{(1, 2): 2, (1, 6): 2, (2, 3): 3, (2, 7): 1, (3, 4): 2, (3, 8): 1, (4, 9): 2, (5, 6): 1, (5, 10): 1, (6, 11): 1, (7, 12): 1, (8, 9): 1, (8, 13): 2, (9, 14): 1, (10, 15): 1, (11, 16): 1, (12, 13): 2, (12, 17): 2, (13, 14): 1, (13, 18): 3, (14, 19): 2, (15, 16): 1, (17, 18): 3, (17, 22): 1, (18, 19): 1, (21, 22): 1}",148139878,1899179786,2012288188,689960118,"[4265918666, 2813778286, 1199889537]",1,4029182149,"{'lp_objective': 3000.1850939921896, 'ilp_expected_objective': 3000.1850939921896, 'ilp_expected_throughput_term': 0.18509399218934652, 'ilp_covered_requests': 3, 'ilp_selected_tree_count': 7, 'deployed_source_count': 40, 'ilp_objective_mode': 'coverage_expected_throughput', 'lp_status': 'OPTIMAL', 'lp_candidate_seed': 1934997417, 'lp_solver_seed': 1901584977, 'lp_selected_trees': 7, 'lp_candidate_tree_counts': {0: 10, 1: 8, 2: 5}, 'lp_minimum_routing_source_placement': None, 'lp_used_budget': 40, 'lp_memory_load': {1: 4, 2: 6, 3: 6, 4: 4, 5: 2, 6: 4, 7: 2, 8: 4, 9: 4, 10: 2, 11: 2, 12: 5, 13: 8, 14: 4, 15: 2, 16: 2, 17: 6, 18: 7, 19: 3, 21: 1, 22: 2}, 'used_budget': 40, 'candidate_edge_count': 40, 'effective_capacity': 160}",,,,,,,,
LP_R-MP_t,num_requests_per_trial,3,3,593145736,,25,40,10.0,SUMMARY,1.0,1.0,1.0,,,,,,,,,,,,,,,0.37212519999999927,0.0005553999999960979,0.0016083000000008951,0.37373350000000016,0.3747571999999977,0.3747571999999977,,,,,,,1,,,0.0,0.0,0.0,0.0,0.0,0.0,0.0,0.0
ILP_CG-MP_t,num_requests_per_trial,3,3,593145736,,25,40,10.0,0,0.0,0.0,0.0,3000.09900055019,0.0990005501893465,3,5,40,0,3,"[0, 0, 0]","[[4, 18, 12], [19, 13, 21], [3, 1, 15]]","[[4, 18, 12], [19, 13, 21], [3, 1, 15]]",40,40,40,160,0.3757626000000016,0.00048670000000328173,0.0011531999999974119,0.376915799999999,0.3777740000000023,0.3777740000000023,"{(0, 1): 1, (0, 5): 1, (1, 2): 2, (1, 6): 1, (2, 3): 3, (2, 7): 1, (3, 4): 1, (3, 8): 1, (4, 9): 1, (5, 6): 1, (5, 10): 1, (6, 11): 1, (7, 12): 1, (8, 9): 1, (8, 13): 1, (9, 14): 1, (10, 15): 1, (11, 16): 1, (12, 13): 1, (12, 17): 1, (13, 14): 2, (13, 18): 1, (14, 19): 2, (15, 16): 1, (16, 17): 1, (16, 21): 1, (17, 18): 2, (17, 22): 1, (18, 19): 1, (19, 24): 1, (21, 22): 2, (22, 23): 1, (23, 24): 1}",3403111947,1899179786,2012288188,689960118,"[4265918666, 2813778286, 1199889537]",1,4029182149,"{'ilp_objective': 3000.09900055019, 'ilp_expected_objective': 3000.09900055019, 'ilp_expected_throughput_term': 0.0990005501893465, 'ilp_covered_requests': 3, 'ilp_selected_tree_count': 5, 'deployed_source_count': 40, 'ilp_objective_mode': 'coverage_expected_throughput', 'ilp_use_redundancy_reward': False, 'ilp_spend_remaining_budget_after_solve': True, 'ilp_status': 'OPTIMAL', 'ilp_cg_iterations': 1, 'ilp_cg_added_columns': 3, 'ilp_cg_pricing_mode': 'candidate_pool_exact', 'ilp_cg_pricing_pool_trees': 32, 'ilp_cg_pricing_pool_seed': 1934997417, 'ilp_cg_initial_seed': 1934997417, 'ilp_cg_final_solver_seed': 4122478884, 'ilp_cg_max_trees_per_request': 2, 'ilp_cg_max_pricing_columns_per_request': 1, 'ilp_selected_trees': 5, 'ilp_candidate_tree_counts': {0: 3, 1: 3, 2: 3}, 'ilp_minimum_routing_source_placement': {(0, 1): 1, (0, 5): 1, (1, 2): 2, (1, 6): 1, (2, 3): 3, (2, 7): 1, (3, 4): 1, (5, 10): 1, (6, 11): 1, (7, 12): 1, (10, 15): 1, (11, 16): 1, (12, 17): 1, (13, 14): 2, (13, 18): 1, (14, 19): 2, (15, 16): 1, (17, 18): 2, (17, 22): 1, (19, 24): 1, (21, 22): 2, (22, 23): 1, (23, 24): 1}, 'ilp_optimized_z_used_budget': 30, 'ilp_deployed_used_budget': 40, 'ilp_redundant_used_budget': 40, 'ilp_redundant_routing_source_placement': {(0, 1): 1, (0, 5): 1, (1, 2): 2, (1, 6): 1, (2, 3): 3, (2, 7): 1, (3, 4): 1, (3, 8): 1, (4, 9): 1, (5, 6): 1, (5, 10): 1, (6, 11): 1, (7, 12): 1, (8, 9): 1, (8, 13): 1, (9, 14): 1, (10, 15): 1, (11, 16): 1, (12, 13): 1, (12, 17): 1, (13, 14): 2, (13, 18): 1, (14, 19): 2, (15, 16): 1, (16, 17): 1, (16, 21): 1, (17, 18): 2, (17, 22): 1, (18, 19): 1, (19, 24): 1, (21, 22): 2, (22, 23): 1, (23, 24): 1}, 'ilp_redundant_memory_load': {0: 2, 1: 4, 2: 6, 3: 5, 4: 2, 5: 3, 6: 3, 7: 2, 8: 3, 9: 3, 10: 2, 11: 2, 12: 3, 13: 5, 14: 5, 15: 2, 16: 4, 17: 5, 18: 4, 19: 4, 21: 3, 22: 4, 23: 2, 24: 2}, 'used_budget': 40, 'candidate_edge_count': 40, 'effective_capacity': 160}",,,,,,,,
ILP_CG-MP_t,num_requests_per_trial,3,3,593145736,,25,40,10.0,SUMMARY,0.0,0.0,0.0,,,,,,,,,,,,,,,0.3757626000000016,0.00048670000000328173,0.0011531999999974119,0.376915799999999,0.3777740000000023,0.3777740000000023,,,,,,,1,,,0.0,0.0,0.0,0.0,0.0,0.0,0.0,0.0
ILP-MP_t,num_requests_per_trial,3,3,593145736,,25,40,10.0,0,1.0,1.0,1.0,3000.118800660228,0.1188006602272158,3,6,40,1,2,"[0, 0, 1]","[[4, 18, 12], [19, 13, 21], [3, 1, 15]]","[[4, 18, 12], [19, 13, 21], [3, 1, 15]]",40,40,40,160,0.029032500000006678,0.0007287000000033572,0.0017410999999967203,0.030773600000003398,0.031828900000000715,0.031828900000000715,"{(0, 1): 1, (0, 5): 1, (1, 2): 3, (1, 6): 2, (2, 3): 4, (2, 7): 1, (3, 4): 2, (3, 8): 1, (4, 9): 1, (5, 6): 1, (5, 10): 2, (6, 11): 1, (7, 8): 1, (7, 12): 2, (10, 15): 2, (11, 16): 1, (12, 13): 1, (12, 17): 2, (13, 14): 1, (13, 18): 1, (14, 19): 1, (15, 16): 1, (17, 18): 2, (18, 19): 1, (19, 24): 1, (21, 22): 1, (22, 23): 1, (23, 24): 1}",314954152,1899179786,2012288188,689960118,"[4265918666, 2813778286, 1199889537]",1,4029182149,"{'ilp_objective': 3000.118800660228, 'ilp_expected_objective': 3000.118800660228, 'ilp_expected_throughput_term': 0.1188006602272158, 'ilp_covered_requests': 3, 'ilp_selected_tree_count': 6, 'deployed_source_count': 40, 'ilp_objective_mode': 'coverage_expected_throughput', 'ilp_use_redundancy_reward': False, 'ilp_spend_remaining_budget_after_solve': True, 'ilp_status': 'OPTIMAL', 'ilp_candidate_seed': 1934997417, 'ilp_solver_seed': 1714257075, 'ilp_selected_trees': 6, 'ilp_candidate_tree_counts': {0: 4, 1: 4, 2: 4}, 'ilp_minimum_routing_source_placement': {(0, 1): 1, (0, 5): 1, (1, 2): 3, (1, 6): 2, (2, 3): 4, (2, 7): 1, (3, 4): 2, (3, 8): 1, (5, 6): 1, (5, 10): 2, (6, 11): 1, (7, 8): 1, (7, 12): 2, (10, 15): 2, (11, 16): 1, (12, 17): 2, (13, 14): 1, (14, 19): 1, (15, 16): 1, (17, 18): 2, (19, 24): 1, (21, 22): 1, (22, 23): 1, (23, 24): 1}, 'ilp_optimized_z_used_budget': 36, 'ilp_deployed_used_budget': 40, 'ilp_redundant_used_budget': 40, 'ilp_redundant_routing_source_placement': {(0, 1): 1, (0, 5): 1, (1, 2): 3, (1, 6): 2, (2, 3): 4, (2, 7): 1, (3, 4): 2, (3, 8): 1, (4, 9): 1, (5, 6): 1, (5, 10): 2, (6, 11): 1, (7, 8): 1, (7, 12): 2, (10, 15): 2, (11, 16): 1, (12, 13): 1, (12, 17): 2, (13, 14): 1, (13, 18): 1, (14, 19): 1, (15, 16): 1, (17, 18): 2, (18, 19): 1, (19, 24): 1, (21, 22): 1, (22, 23): 1, (23, 24): 1}, 'ilp_redundant_memory_load': {0: 2, 1: 6, 2: 8, 3: 7, 4: 3, 5: 4, 6: 4, 7: 4, 8: 2, 9: 1, 10: 4, 11: 2, 12: 5, 13: 3, 14: 2, 15: 3, 16: 2, 17: 4, 18: 4, 19: 3, 21: 1, 22: 2, 23: 2, 24: 2}, 'used_budget': 40, 'candidate_edge_count': 40, 'effective_capacity': 160}",,,,,,,,
ILP-MP_t,num_requests_per_trial,3,3,593145736,,25,40,10.0,SUMMARY,1.0,1.0,1.0,,,,,,,,,,,,,,,0.029032500000006678,0.0007287000000033572,0.0017410999999967203,0.030773600000003398,0.031828900000000715,0.031828900000000715,,,,,,,1,,,0.0,0.0,0.0,0.0,0.0,0.0,0.0,0.0
BT-MP_t,num_requests_per_trial,4,4,593145736,,25,40,10.0,0,1.0,1.0,1.0,,,,,40,1,3,"[1, 0, 0, 0]","[[4, 18, 12], [19, 13, 21], [3, 1, 15], [12, 6, 4]]","[[4, 18, 12], [19, 13, 21], [3, 1, 15], [12, 6, 4]]",40,40,40,160,0.002342699999999809,0.0005604999999988536,0.001796299999995199,0.004138999999995008,0.005111900000002834,0.005111900000002834,"{(12, 13): 1, (7, 12): 1, (11, 12): 1, (12, 17): 1, (6, 7): 1, (7, 8): 1, (6, 11): 1, (8, 13): 1, (11, 16): 1, (13, 18): 1, (16, 17): 1, (17, 18): 1, (2, 7): 1, (10, 11): 1, (13, 14): 1, (17, 22): 1, (16, 21): 1, (18, 19): 1, (18, 23): 1, (3, 8): 1, (5, 6): 1, (8, 9): 1, (15, 16): 1, (1, 6): 1, (1, 2): 1, (2, 3): 1, (5, 10): 1, (9, 14): 1, (10, 15): 1, (14, 19): 1, (21, 22): 1, (22, 23): 1, (4, 9): 1, (0, 1): 1, (0, 5): 1, (3, 4): 1, (15, 20): 1, (19, 24): 1, (20, 21): 1, (23, 24): 1}",1917356134,3074377297,2012288188,689960118,"[4265918666, 2813778286, 1199889537, 3769681090]",1,4029182149,"{'betweenness_scores': {(0, 1): 0.04896031746031746, (0, 5): 0.04896031746031746, (1, 2): 0.06992857142857144, (1, 6): 0.0758253968253968, (5, 6): 0.07582539682539681, (5, 10): 0.06992857142857144, (2, 3): 0.06992857142857144, (2, 7): 0.08376190476190479, (6, 7): 0.11528571428571432, (6, 11): 0.11528571428571428, (3, 4): 0.04896031746031746, (3, 8): 0.07582539682539681, (7, 8): 0.11528571428571431, (7, 12): 0.12957142857142856, (4, 9): 0.04896031746031747, (8, 9): 0.07582539682539681, (8, 13): 0.11528571428571428, (9, 14): 0.06992857142857144, (10, 11): 0.08376190476190479, (10, 15): 0.06992857142857144, (11, 12): 0.12957142857142856, (11, 16): 0.11528571428571428, (12, 13): 0.1295714285714286, (12, 17): 0.12957142857142856, (13, 14): 0.08376190476190479, (13, 18): 0.11528571428571428, (14, 19): 0.06992857142857144, (15, 16): 0.07582539682539681, (15, 20): 0.04896031746031746, (16, 17): 0.11528571428571428, (16, 21): 0.07582539682539682, (17, 18): 0.11528571428571428, (17, 22): 0.08376190476190476, (18, 19): 0.07582539682539682, (18, 23): 0.07582539682539682, (19, 24): 0.04896031746031746, (20, 21): 0.04896031746031746, (21, 22): 0.06992857142857144, (22, 23): 0.06992857142857144, (23, 24): 0.04896031746031746}, 'allocation': {(0, 1): 1, (0, 5): 1, (1, 2): 1, (1, 6): 1, (2, 3): 1, (2, 7): 1, (3, 4): 1, (3, 8): 1, (4, 9): 1, (5, 6): 1, (5, 10): 1, (6, 7): 1, (6, 11): 1, (7, 8): 1, (7, 12): 1, (8, 9): 1, (8, 13): 1, (9, 14): 1, (10, 11): 1, (10, 15): 1, (11, 12): 1, (11, 16): 1, (12, 13): 1, (12, 17): 1, (13, 14): 1, (13, 18): 1, (14, 19): 1, (15, 16): 1, (15, 20): 1, (16, 17): 1, (16, 21): 1, (17, 18): 1, (17, 22): 1, (18, 19): 1, (18, 23): 1, (19, 24): 1, (20, 21): 1, (21, 22): 1, (22, 23): 1, (23, 24): 1}, 'used_budget': 40, 'candidate_edge_count': 40, 'effective_capacity': 160}",,,,,,,,
BT-MP_t,num_requests_per_trial,4,4,593145736,,25,40,10.0,SUMMARY,1.0,1.0,1.0,,,,,,,,,,,,,,,0.002342699999999809,0.0005604999999988536,0.001796299999995199,0.004138999999995008,0.005111900000002834,0.005111900000002834,,,,,,,1,,,0.0,0.0,0.0,0.0,0.0,0.0,0.0,0.0
DP-MP_t,num_requests_per_trial,4,4,593145736,,25,40,10.0,0,1.0,1.0,1.0,,,,,40,1,3,"[1, 0, 0, 0]","[[4, 18, 12], [19, 13, 21], [3, 1, 15], [12, 6, 4]]","[[4, 18, 12], [19, 13, 21], [3, 1, 15], [12, 6, 4]]",40,40,40,160,0.028322900000006257,0.00047750000000235104,0.0016178999999993948,0.029940800000005652,0.030763499999999055,0.030763499999999055,"{(1, 2): 2, (1, 6): 2, (2, 3): 2, (3, 4): 2, (3, 8): 1, (4, 9): 2, (5, 10): 1, (6, 7): 1, (6, 11): 2, (7, 8): 2, (7, 12): 2, (8, 9): 1, (8, 13): 1, (9, 14): 1, (10, 15): 2, (11, 12): 2, (11, 16): 1, (12, 13): 2, (12, 17): 2, (13, 14): 2, (13, 18): 2, (14, 19): 1, (16, 21): 1, (17, 18): 1, (18, 19): 1, (21, 22): 1}",1401080234,1198487884,2012288188,689960118,"[4265918666, 2813778286, 1199889537, 3769681090]",1,4029182149,"{'used_budget': 40, 'candidate_edge_count': 40, 'effective_capacity': 160, 'dp_candidate_seed': 3229805457, 'dp_candidate_tree_counts': {0: 4, 1: 4, 2: 4, 3: 4}, 'dp_path_edge_count': 40, 'dp_allocation': {(0, 1): 0, (0, 5): 0, (1, 2): 2, (1, 6): 2, (2, 3): 2, (2, 7): 0, (3, 4): 2, (3, 8): 1, (4, 9): 2, (5, 6): 0, (5, 10): 1, (6, 7): 1, (6, 11): 2, (7, 8): 2, (7, 12): 2, (8, 9): 1, (8, 13): 1, (9, 14): 1, (10, 11): 0, (10, 15): 2, (11, 12): 2, (11, 16): 1, (12, 13): 2, (12, 17): 2, (13, 14): 2, (13, 18): 2, (14, 19): 1, (15, 16): 0, (15, 20): 0, (16, 17): 0, (16, 21): 1, (17, 18): 1, (17, 22): 0, (18, 19): 1, (18, 23): 0, (19, 24): 0, (20, 21): 0, (21, 22): 1, (22, 23): 0, (23, 24): 0}, 'dp_value': 10.063972155731298, 'dp_parts': {'F_topo': {(3, 4): 0.6617981174942295, (3, 8): 0.9259980525802042, (8, 13): 0.9578059071728648, (13, 18): 0.9675430055175571, (4, 9): 0.5709185329437713, (8, 9): 0.2671210645893824, (9, 14): 0.40214216163577754, (13, 14): 0.3326841934436417, (14, 19): 0.4904251866276513, (18, 19): 0.72963323596225, (2, 3): 0.6975008114247667, (2, 7): 0.39857189224272405, (7, 12): 0.7182732878934429, (7, 8): 0.5443037974682803, (12, 13): 0.9999999999998637, (1, 2): 0.6062966569294855, (1, 6): 0.7705290490099567, (6, 11): 0.881207400194622, (11, 16): 0.6919831223627751, (16, 21): 0.7101590392728669, (6, 7): 0.7426160337551729, (11, 12): 0.6432976306393149, (12, 17): 0.5705939629989485, (16, 17): 0.7169750081141508, (17, 18): 0.8493995456019614, (17, 22): 0.20772476468676174, (21, 22): 0.372606296656879, (18, 23): 0.08893216488151985, (22, 23): 0.12690684842581848, (19, 24): 0.0, (23, 24): 0.0, (0, 1): 0.006815968841284368, (0, 5): 0.006815968841284368, (5, 10): 0.12236286919829556, (10, 15): 0.3612463485880717, (5, 6): 0.07757221681271256, (10, 11): 0.20090879584547738, (15, 16): 0.7215189873416737, (20, 21): 0.030185004868545064, (15, 20): 0.030185004868545064}, 'F_demand': {(0, 1): 0.16666666666663887, (0, 5): 0.16666666666663887, (1, 2): 0.6666666666665555, (1, 6): 0.6666666666665555, (2, 3): 0.8333333333331945, (2, 7): 0.16666666666663887, (3, 4): 0.6666666666665555, (3, 8): 0.4999999999999167, (4, 9): 0.6666666666665555, (5, 6): 0.16666666666663887, (5, 10): 0.33333333333327775, (6, 7): 0.4999999999999167, (6, 11): 0.6666666666665555, (7, 8): 0.4999999999999167, (7, 12): 0.6666666666665555, (8, 9): 0.33333333333327775, (8, 13): 0.33333333333327775, (9, 14): 0.33333333333327775, (10, 11): 0.16666666666663887, (10, 15): 0.4999999999999167, (11, 12): 0.4999999999999167, (11, 16): 0.33333333333327775, (12, 13): 0.9999999999998334, (12, 17): 0.4999999999999167, (13, 14): 0.4999999999999167, (13, 18): 0.6666666666665555, (14, 19): 0.4999999999999167, (15, 16): 0.16666666666663887, (15, 20): 0.0, (16, 17): 0.16666666666663887, (16, 21): 0.33333333333327775, (17, 18): 0.4999999999999167, (17, 22): 0.16666666666663887, (18, 19): 0.4999999999999167, (18, 23): 0.0, (19, 24): 0.16666666666663887, (20, 21): 0.0, (21, 22): 0.33333333333327775, (22, 23): 0.16666666666663887, (23, 24): 0.16666666666663887}, 'F_qual': {(0, 1): 0.0, (0, 5): 0.0, (1, 2): 0.0, (1, 6): 0.0, (2, 3): 0.0, (2, 7): 0.0, (3, 4): 0.0, (3, 8): 0.0, (4, 9): 0.0, (5, 6): 0.0, (5, 10): 0.0, (6, 7): 0.0, (6, 11): 0.0, (7, 8): 0.0, (7, 12): 0.0, (8, 9): 0.0, (8, 13): 0.0, (9, 14): 0.0, (10, 11): 0.0, (10, 15): 0.0, (11, 12): 0.0, (11, 16): 0.0, (12, 13): 0.0, (12, 17): 0.0, (13, 14): 0.0, (13, 18): 0.0, (14, 19): 0.0, (15, 16): 0.0, (15, 20): 0.0, (16, 17): 0.0, (16, 21): 0.0, (17, 18): 0.0, (17, 22): 0.0, (18, 19): 0.0, (18, 23): 0.0, (19, 24): 0.0, (20, 21): 0.0, (21, 22): 0.0, (22, 23): 0.0, (23, 24): 0.0}, 'F_overlap': {(0, 1): 0.0, (0, 5): 0.0, (1, 2): 0.0, (1, 6): 0.0, (2, 3): 0.0, (2, 7): 0.0, (3, 4): 0.0, (3, 8): 0.0, (4, 9): 0.0, (5, 6): 0.0, (5, 10): 0.0, (6, 7): 0.0, (6, 11): 0.0, (7, 8): 0.0, (7, 12): 0.0, (8, 9): 0.0, (8, 13): 0.0, (9, 14): 0.0, (10, 11): 0.0, (10, 15): 0.0, (11, 12): 0.0, (11, 16): 0.0, (12, 13): 0.0, (12, 17): 0.0, (13, 14): 0.0, (13, 18): 0.0, (14, 19): 0.0, (15, 16): 0.0, (15, 20): 0.0, (16, 17): 0.0, (16, 21): 0.0, (17, 18): 0.0, (17, 22): 0.0, (18, 19): 0.0, (18, 23): 0.0, (19, 24): 0.0, (20, 21): 0.0, (21, 22): 0.0, (22, 23): 0.0, (23, 24): 0.0}}, 'dp_total_pairs': 40}",,,,,,,,
DP-MP_t,num_requests_per_trial,4,4,593145736,,25,40,10.0,SUMMARY,1.0,1.0,1.0,,,,,,,,,,,,,,,0.028322900000006257,0.00047750000000235104,0.0016178999999993948,0.029940800000005652,0.030763499999999055,0.030763499999999055,,,,,,,1,,,0.0,0.0,0.0,0.0,0.0,0.0,0.0,0.0
LP_R-MP_t,num_requests_per_trial,4,4,593145736,,25,40,10.0,0,1.0,1.0,1.0,4000.238187250793,0.2381872507928977,4,7,40,1,3,"[1, 0, 0, 0]","[[4, 18, 12], [19, 13, 21], [3, 1, 15], [12, 6, 4]]","[[4, 18, 12], [19, 13, 21], [3, 1, 15], [12, 6, 4]]",40,40,40,160,0.4877436000000017,0.00046650000000170166,0.0015655999999992787,0.489309200000001,0.49024419999999935,0.49024419999999935,"{(0, 1): 1, (0, 5): 1, (1, 2): 2, (1, 6): 1, (2, 3): 2, (3, 4): 3, (3, 8): 2, (4, 9): 2, (5, 10): 1, (6, 7): 2, (6, 11): 1, (7, 8): 2, (7, 12): 2, (8, 9): 2, (8, 13): 2, (10, 15): 1, (11, 12): 1, (12, 13): 2, (12, 17): 1, (13, 14): 1, (13, 18): 3, (14, 19): 1, (17, 18): 1, (17, 22): 1, (18, 19): 1, (21, 22): 1}",148139878,1899179786,2012288188,689960118,"[4265918666, 2813778286, 1199889537, 3769681090]",1,4029182149,"{'lp_objective': 4000.238187250793, 'ilp_expected_objective': 4000.238187250793, 'ilp_expected_throughput_term': 0.2381872507928977, 'ilp_covered_requests': 4, 'ilp_selected_tree_count': 7, 'deployed_source_count': 40, 'ilp_objective_mode': 'coverage_expected_throughput', 'lp_status': 'OPTIMAL', 'lp_candidate_seed': 1934997417, 'lp_solver_seed': 1901584977, 'lp_selected_trees': 7, 'lp_candidate_tree_counts': {0: 10, 1: 8, 2: 5, 3: 11}, 'lp_minimum_routing_source_placement': None, 'lp_used_budget': 40, 'lp_memory_load': {0: 2, 1: 4, 2: 4, 3: 7, 4: 5, 5: 2, 6: 4, 7: 6, 8: 8, 9: 4, 10: 2, 11: 2, 12: 6, 13: 8, 14: 2, 15: 1, 17: 3, 18: 5, 19: 2, 21: 1, 22: 2}, 'used_budget': 40, 'candidate_edge_count': 40, 'effective_capacity': 160}",,,,,,,,
LP_R-MP_t,num_requests_per_trial,4,4,593145736,,25,40,10.0,SUMMARY,1.0,1.0,1.0,,,,,,,,,,,,,,,0.4877436000000017,0.00046650000000170166,0.0015655999999992787,0.489309200000001,0.49024419999999935,0.49024419999999935,,,,,,,1,,,0.0,0.0,0.0,0.0,0.0,0.0,0.0,0.0
ILP_CG-MP_t,num_requests_per_trial,4,4,593145736,,25,40,10.0,0,0.0,0.0,0.0,4000.1850939921896,0.18509399218934652,4,7,40,0,4,"[0, 0, 0, 0]","[[4, 18, 12], [19, 13, 21], [3, 1, 15], [12, 6, 4]]","[[4, 18, 12], [19, 13, 21], [3, 1, 15], [12, 6, 4]]",40,40,40,160,0.5083160000000007,0.0005899000000013643,0.000928199999997048,0.5092441999999977,0.5102497000000028,0.5102497000000028,"{(0, 1): 1, (0, 5): 1, (1, 2): 2, (1, 6): 1, (2, 3): 3, (2, 7): 1, (3, 4): 2, (3, 8): 1, (4, 9): 1, (5, 10): 1, (6, 7): 2, (6, 11): 1, (7, 8): 2, (7, 12): 3, (8, 9): 1, (10, 15): 1, (11, 16): 1, (12, 17): 1, (13, 14): 2, (13, 18): 1, (14, 19): 2, (15, 16): 1, (17, 18): 2, (17, 22): 1, (19, 24): 1, (21, 22): 2, (22, 23): 1, (23, 24): 1}",3403111947,1899179786,2012288188,689960118,"[4265918666, 2813778286, 1199889537, 3769681090]",1,4029182149,"{'ilp_objective': 4000.1850939921896, 'ilp_expected_objective': 4000.1850939921896, 'ilp_expected_throughput_term': 0.18509399218934652, 'ilp_covered_requests': 4, 'ilp_selected_tree_count': 7, 'deployed_source_count': 40, 'ilp_objective_mode': 'coverage_expected_throughput', 'ilp_use_redundancy_reward': False, 'ilp_spend_remaining_budget_after_solve': True, 'ilp_status': 'OPTIMAL', 'ilp_cg_iterations': 1, 'ilp_cg_added_columns': 4, 'ilp_cg_pricing_mode': 'candidate_pool_exact', 'ilp_cg_pricing_pool_trees': 32, 'ilp_cg_pricing_pool_seed': 1934997417, 'ilp_cg_initial_seed': 1934997417, 'ilp_cg_final_solver_seed': 4122478884, 'ilp_cg_max_trees_per_request': 2, 'ilp_cg_max_pricing_columns_per_request': 1, 'ilp_selected_trees': 7, 'ilp_candidate_tree_counts': {0: 3, 1: 3, 2: 3, 3: 3}, 'ilp_minimum_routing_source_placement': {(0, 1): 1, (0, 5): 1, (1, 2): 2, (1, 6): 1, (2, 3): 3, (2, 7): 1, (3, 4): 2, (3, 8): 1, (4, 9): 1, (5, 10): 1, (6, 7): 2, (6, 11): 1, (7, 8): 2, (7, 12): 3, (8, 9): 1, (10, 15): 1, (11, 16): 1, (12, 17): 1, (13, 14): 2, (13, 18): 1, (14, 19): 2, (15, 16): 1, (17, 18): 2, (17, 22): 1, (19, 24): 1, (21, 22): 2, (22, 23): 1, (23, 24): 1}, 'ilp_optimized_z_used_budget': 40, 'ilp_deployed_used_budget': 40, 'ilp_redundant_used_budget': 40, 'ilp_redundant_routing_source_placement': {(0, 1): 1, (0, 5): 1, (1, 2): 2, (1, 6): 1, (2, 3): 3, (2, 7): 1, (3, 4): 2, (3, 8): 1, (4, 9): 1, (5, 10): 1, (6, 7): 2, (6, 11): 1, (7, 8): 2, (7, 12): 3, (8, 9): 1, (10, 15): 1, (11, 16): 1, (12, 17): 1, (13, 14): 2, (13, 18): 1, (14, 19): 2, (15, 16): 1, (17, 18): 2, (17, 22): 1, (19, 24): 1, (21, 22): 2, (22, 23): 1, (23, 24): 1}, 'ilp_redundant_memory_load': {0: 2, 1: 4, 2: 6, 3: 6, 4: 3, 5: 2, 6: 4, 7: 8, 8: 4, 9: 2, 10: 2, 11: 2, 12: 4, 13: 3, 14: 4, 15: 2, 16: 2, 17: 4, 18: 3, 19: 3, 21: 2, 22: 4, 23: 2, 24: 2}, 'used_budget': 40, 'candidate_edge_count': 40, 'effective_capacity': 160}",,,,,,,,
ILP_CG-MP_t,num_requests_per_trial,4,4,593145736,,25,40,10.0,SUMMARY,0.0,0.0,0.0,,,,,,,,,,,,,,,0.5083160000000007,0.0005899000000013643,0.000928199999997048,0.5092441999999977,0.5102497000000028,0.5102497000000028,,,,,,,1,,,0.0,0.0,0.0,0.0,0.0,0.0,0.0,0.0
ILP-MP_t,num_requests_per_trial,4,4,593145736,,25,40,10.0,0,1.0,1.0,1.0,4000.1850939921896,0.18509399218934652,4,7,40,1,3,"[1, 0, 0, 0]","[[4, 18, 12], [19, 13, 21], [3, 1, 15], [12, 6, 4]]","[[4, 18, 12], [19, 13, 21], [3, 1, 15], [12, 6, 4]]",40,40,40,160,0.03333860000000044,0.0006267000000050871,0.0021441000000024246,0.035482700000002865,0.03657100000000213,0.03657100000000213,"{(0, 1): 1, (0, 5): 1, (1, 2): 1, (2, 3): 1, (3, 4): 2, (3, 8): 2, (4, 9): 3, (5, 10): 1, (6, 7): 1, (6, 11): 1, (7, 8): 2, (7, 12): 2, (8, 9): 2, (8, 13): 2, (9, 14): 1, (10, 15): 1, (11, 12): 1, (12, 13): 3, (12, 17): 1, (13, 14): 1, (13, 18): 2, (14, 19): 2, (17, 18): 1, (18, 19): 1, (19, 24): 1, (21, 22): 1, (22, 23): 1, (23, 24): 1}",314954152,1899179786,2012288188,689960118,"[4265918666, 2813778286, 1199889537, 3769681090]",1,4029182149,"{'ilp_objective': 4000.1850939921896, 'ilp_expected_objective': 4000.1850939921896, 'ilp_expected_throughput_term': 0.18509399218934652, 'ilp_covered_requests': 4, 'ilp_selected_tree_count': 7, 'deployed_source_count': 40, 'ilp_objective_mode': 'coverage_expected_throughput', 'ilp_use_redundancy_reward': False, 'ilp_spend_remaining_budget_after_solve': True, 'ilp_status': 'OPTIMAL', 'ilp_candidate_seed': 1934997417, 'ilp_solver_seed': 1714257075, 'ilp_selected_trees': 7, 'ilp_candidate_tree_counts': {0: 4, 1: 4, 2: 4, 3: 4}, 'ilp_minimum_routing_source_placement': {(0, 1): 1, (0, 5): 1, (1, 2): 1, (2, 3): 1, (3, 4): 2, (3, 8): 2, (4, 9): 3, (5, 10): 1, (6, 7): 1, (6, 11): 1, (7, 8): 2, (7, 12): 2, (8, 9): 2, (8, 13): 2, (9, 14): 1, (10, 15): 1, (11, 12): 1, (12, 13): 3, (12, 17): 1, (13, 14): 1, (13, 18): 2, (14, 19): 2, (17, 18): 1, (18, 19): 1, (19, 24): 1, (21, 22): 1, (22, 23): 1, (23, 24): 1}, 'ilp_optimized_z_used_budget': 40, 'ilp_deployed_used_budget': 40, 'ilp_redundant_used_budget': 40, 'ilp_redundant_routing_source_placement': {(0, 1): 1, (0, 5): 1, (1, 2): 1, (2, 3): 1, (3, 4): 2, (3, 8): 2, (4, 9): 3, (5, 10): 1, (6, 7): 1, (6, 11): 1, (7, 8): 2, (7, 12): 2, (8, 9): 2, (8, 13): 2, (9, 14): 1, (10, 15): 1, (11, 12): 1, (12, 13): 3, (12, 17): 1, (13, 14): 1, (13, 18): 2, (14, 19): 2, (17, 18): 1, (18, 19): 1, (19, 24): 1, (21, 22): 1, (22, 23): 1, (23, 24): 1}, 'ilp_redundant_memory_load': {0: 2, 1: 2, 2: 2, 3: 5, 4: 5, 5: 2, 6: 2, 7: 5, 8: 8, 9: 6, 10: 2, 11: 2, 12: 7, 13: 8, 14: 4, 15: 1, 17: 2, 18: 4, 19: 4, 21: 1, 22: 2, 23: 2, 24: 2}, 'used_budget': 40, 'candidate_edge_count': 40, 'effective_capacity': 160}",,,,,,,,
ILP-MP_t,num_requests_per_trial,4,4,593145736,,25,40,10.0,SUMMARY,1.0,1.0,1.0,,,,,,,,,,,,,,,0.03333860000000044,0.0006267000000050871,0.0021441000000024246,0.035482700000002865,0.03657100000000213,0.03657100000000213,,,,,,,1,,,0.0,0.0,0.0,0.0,0.0,0.0,0.0,0.0
BT-MP_t,num_requests_per_trial,5,5,593145736,,25,40,10.0,0,1.0,1.0,1.0,,,,,40,1,4,"[1, 0, 0, 0, 0]","[[4, 18, 12], [19, 13, 21], [3, 1, 15], [12, 6, 4], [20, 2, 0]]","[[4, 18, 12], [19, 13, 21], [3, 1, 15], [12, 6, 4], [20, 2, 0]]",40,40,40,160,0.00249769999999927,0.0004970000000028563,0.0017108999999990715,0.0042085999999983414,0.005200999999999567,0.005200999999999567,"{(12, 13): 1, (7, 12): 1, (11, 12): 1, (12, 17): 1, (6, 7): 1, (7, 8): 1, (6, 11): 1, (8, 13): 1, (11, 16): 1, (13, 18): 1, (16, 17): 1, (17, 18): 1, (2, 7): 1, (10, 11): 1, (13, 14): 1, (17, 22): 1, (16, 21): 1, (18, 19): 1, (18, 23): 1, (3, 8): 1, (5, 6): 1, (8, 9): 1, (15, 16): 1, (1, 6): 1, (1, 2): 1, (2, 3): 1, (5, 10): 1, (9, 14): 1, (10, 15): 1, (14, 19): 1, (21, 22): 1, (22, 23): 1, (4, 9): 1, (0, 1): 1, (0, 5): 1, (3, 4): 1, (15, 20): 1, (19, 24): 1, (20, 21): 1, (23, 24): 1}",1917356134,3074377297,2012288188,689960118,"[4265918666, 2813778286, 1199889537, 3769681090, 2598892638]",1,4029182149,"{'betweenness_scores': {(0, 1): 0.04896031746031746, (0, 5): 0.04896031746031746, (1, 2): 0.06992857142857144, (1, 6): 0.0758253968253968, (5, 6): 0.07582539682539681, (5, 10): 0.06992857142857144, (2, 3): 0.06992857142857144, (2, 7): 0.08376190476190479, (6, 7): 0.11528571428571432, (6, 11): 0.11528571428571428, (3, 4): 0.04896031746031746, (3, 8): 0.07582539682539681, (7, 8): 0.11528571428571431, (7, 12): 0.12957142857142856, (4, 9): 0.04896031746031747, (8, 9): 0.07582539682539681, (8, 13): 0.11528571428571428, (9, 14): 0.06992857142857144, (10, 11): 0.08376190476190479, (10, 15): 0.06992857142857144, (11, 12): 0.12957142857142856, (11, 16): 0.11528571428571428, (12, 13): 0.1295714285714286, (12, 17): 0.12957142857142856, (13, 14): 0.08376190476190479, (13, 18): 0.11528571428571428, (14, 19): 0.06992857142857144, (15, 16): 0.07582539682539681, (15, 20): 0.04896031746031746, (16, 17): 0.11528571428571428, (16, 21): 0.07582539682539682, (17, 18): 0.11528571428571428, (17, 22): 0.08376190476190476, (18, 19): 0.07582539682539682, (18, 23): 0.07582539682539682, (19, 24): 0.04896031746031746, (20, 21): 0.04896031746031746, (21, 22): 0.06992857142857144, (22, 23): 0.06992857142857144, (23, 24): 0.04896031746031746}, 'allocation': {(0, 1): 1, (0, 5): 1, (1, 2): 1, (1, 6): 1, (2, 3): 1, (2, 7): 1, (3, 4): 1, (3, 8): 1, (4, 9): 1, (5, 6): 1, (5, 10): 1, (6, 7): 1, (6, 11): 1, (7, 8): 1, (7, 12): 1, (8, 9): 1, (8, 13): 1, (9, 14): 1, (10, 11): 1, (10, 15): 1, (11, 12): 1, (11, 16): 1, (12, 13): 1, (12, 17): 1, (13, 14): 1, (13, 18): 1, (14, 19): 1, (15, 16): 1, (15, 20): 1, (16, 17): 1, (16, 21): 1, (17, 18): 1, (17, 22): 1, (18, 19): 1, (18, 23): 1, (19, 24): 1, (20, 21): 1, (21, 22): 1, (22, 23): 1, (23, 24): 1}, 'used_budget': 40, 'candidate_edge_count': 40, 'effective_capacity': 160}",,,,,,,,
BT-MP_t,num_requests_per_trial,5,5,593145736,,25,40,10.0,SUMMARY,1.0,1.0,1.0,,,,,,,,,,,,,,,0.00249769999999927,0.0004970000000028563,0.0017108999999990715,0.0042085999999983414,0.005200999999999567,0.005200999999999567,,,,,,,1,,,0.0,0.0,0.0,0.0,0.0,0.0,0.0,0.0
DP-MP_t,num_requests_per_trial,5,5,593145736,,25,40,10.0,0,0.0,0.0,0.0,,,,,40,0,5,"[0, 0, 0, 0, 0]","[[4, 18, 12], [19, 13, 21], [3, 1, 15], [12, 6, 4], [20, 2, 0]]","[[4, 18, 12], [19, 13, 21], [3, 1, 15], [12, 6, 4], [20, 2, 0]]",40,40,40,160,0.07021410000000117,0.0006928999999971097,0.0019305000000002792,0.07214460000000145,0.07320220000000432,0.07320220000000432,"{(0, 1): 1, (0, 5): 1, (1, 2): 2, (1, 6): 2, (2, 3): 2, (2, 7): 1, (3, 4): 2, (3, 8): 1, (4, 9): 2, (5, 10): 1, (6, 7): 1, (6, 11): 2, (7, 8): 1, (7, 12): 2, (8, 9): 1, (8, 13): 1, (9, 14): 1, (10, 15): 2, (11, 12): 1, (11, 16): 1, (12, 13): 2, (12, 17): 2, (13, 14): 1, (13, 18): 1, (14, 19): 1, (16, 17): 1, (16, 21): 1, (17, 18): 1, (18, 19): 1, (21, 22): 1}",1401080234,1198487884,2012288188,689960118,"[4265918666, 2813778286, 1199889537, 3769681090, 2598892638]",1,4029182149,"{'used_budget': 40, 'candidate_edge_count': 40, 'effective_capacity': 160, 'dp_candidate_seed': 3229805457, 'dp_candidate_tree_counts': {0: 4, 1: 4, 2: 4, 3: 4, 4: 2}, 'dp_path_edge_count': 40, 'dp_allocation': {(0, 1): 1, (0, 5): 1, (1, 2): 2, (1, 6): 2, (2, 3): 2, (2, 7): 1, (3, 4): 2, (3, 8): 1, (4, 9): 2, (5, 6): 0, (5, 10): 1, (6, 7): 1, (6, 11): 2, (7, 8): 1, (7, 12): 2, (8, 9): 1, (8, 13): 1, (9, 14): 1, (10, 11): 0, (10, 15): 2, (11, 12): 1, (11, 16): 1, (12, 13): 2, (12, 17): 2, (13, 14): 1, (13, 18): 1, (14, 19): 1, (15, 16): 0, (15, 20): 0, (16, 17): 1, (16, 21): 1, (17, 18): 1, (17, 22): 0, (18, 19): 1, (18, 23): 0, (19, 24): 0, (20, 21): 0, (21, 22): 1, (22, 23): 0, (23, 24): 0}, 'dp_value': 11.251076713305105, 'dp_parts': {'F_topo': {(3, 4): 0.670989010988949, (3, 8): 0.7896703296702566, (8, 13): 0.9026373626372793, (13, 18): 0.8681318681317877, (4, 9): 0.4248351648351254, (8, 9): 0.21648351648349634, (9, 14): 0.3131868131867842, (13, 14): 0.27274725274722755, (14, 19): 0.4138461538461154, (18, 19): 0.6430769230768636, (2, 3): 0.9962637362636445, (2, 7): 0.868571428571348, (7, 12): 0.964175824175735, (7, 8): 0.5483516483515976, (12, 13): 0.9393406593405728, (1, 2): 0.9999999999999076, (1, 6): 0.885714285714204, (6, 11): 0.9868131868130957, (11, 16): 0.8362637362636595, (16, 21): 0.8276923076922315, (6, 7): 0.7639560439559729, (11, 12): 0.7178021978021314, (12, 17): 0.6283516483515902, (16, 17): 0.7329670329669654, (17, 18): 0.8362637362636591, (17, 22): 0.2446153846153623, (21, 22): 0.4347252747252346, (18, 23): 0.09912087912087005, (22, 23): 0.1446153846153714, (19, 24): 0.0, (23, 24): 0.0, (0, 1): 0.6569230769230167, (0, 5): 0.4960439560439105, (5, 10): 0.48263736263731843, (10, 15): 0.7182417582416918, (5, 6): 0.2953846153845884, (10, 11): 0.3250549450549152, (15, 16): 0.7503296703296011, (15, 20): 0.6318681318680738, (20, 21): 0.5140659340658869}, 'F_demand': {(0, 1): 0.4999999999999167, (0, 5): 0.33333333333327775, (1, 2): 0.9999999999998334, (1, 6): 0.6666666666665555, (2, 3): 0.8333333333331945, (2, 7): 0.33333333333327775, (3, 4): 0.6666666666665555, (3, 8): 0.4999999999999167, (4, 9): 0.6666666666665555, (5, 6): 0.16666666666663887, (5, 10): 0.4999999999999167, (6, 7): 0.4999999999999167, (6, 11): 0.6666666666665555, (7, 8): 0.4999999999999167, (7, 12): 0.8333333333331945, (8, 9): 0.33333333333327775, (8, 13): 0.33333333333327775, (9, 14): 0.33333333333327775, (10, 11): 0.16666666666663887, (10, 15): 0.6666666666665555, (11, 12): 0.4999999999999167, (11, 16): 0.33333333333327775, (12, 13): 0.9999999999998334, (12, 17): 0.6666666666665555, (13, 14): 0.4999999999999167, (13, 18): 0.6666666666665555, (14, 19): 0.4999999999999167, (15, 16): 0.16666666666663887, (15, 20): 0.16666666666663887, (16, 17): 0.33333333333327775, (16, 21): 0.4999999999999167, (17, 18): 0.4999999999999167, (17, 22): 0.16666666666663887, (18, 19): 0.4999999999999167, (18, 23): 0.0, (19, 24): 0.16666666666663887, (20, 21): 0.16666666666663887, (21, 22): 0.33333333333327775, (22, 23): 0.16666666666663887, (23, 24): 0.16666666666663887}, 'F_qual': {(0, 1): 0.0, (0, 5): 0.0, (1, 2): 0.0, (1, 6): 0.0, (2, 3): 0.0, (2, 7): 0.0, (3, 4): 0.0, (3, 8): 0.0, (4, 9): 0.0, (5, 6): 0.0, (5, 10): 0.0, (6, 7): 0.0, (6, 11): 0.0, (7, 8): 0.0, (7, 12): 0.0, (8, 9): 0.0, (8, 13): 0.0, (9, 14): 0.0, (10, 11): 0.0, (10, 15): 0.0, (11, 12): 0.0, (11, 16): 0.0, (12, 13): 0.0, (12, 17): 0.0, (13, 14): 0.0, (13, 18): 0.0, (14, 19): 0.0, (15, 16): 0.0, (15, 20): 0.0, (16, 17): 0.0, (16, 21): 0.0, (17, 18): 0.0, (17, 22): 0.0, (18, 19): 0.0, (18, 23): 0.0, (19, 24): 0.0, (20, 21): 0.0, (21, 22): 0.0, (22, 23): 0.0, (23, 24): 0.0}, 'F_overlap': {(0, 1): 0.0, (0, 5): 0.0, (1, 2): 0.0, (1, 6): 0.0, (2, 3): 0.0, (2, 7): 0.0, (3, 4): 0.0, (3, 8): 0.0, (4, 9): 0.0, (5, 6): 0.0, (5, 10): 0.0, (6, 7): 0.0, (6, 11): 0.0, (7, 8): 0.0, (7, 12): 0.0, (8, 9): 0.0, (8, 13): 0.0, (9, 14): 0.0, (10, 11): 0.0, (10, 15): 0.0, (11, 12): 0.0, (11, 16): 0.0, (12, 13): 0.0, (12, 17): 0.0, (13, 14): 0.0, (13, 18): 0.0, (14, 19): 0.0, (15, 16): 0.0, (15, 20): 0.0, (16, 17): 0.0, (16, 21): 0.0, (17, 18): 0.0, (17, 22): 0.0, (18, 19): 0.0, (18, 23): 0.0, (19, 24): 0.0, (20, 21): 0.0, (21, 22): 0.0, (22, 23): 0.0, (23, 24): 0.0}}, 'dp_total_pairs': 40}",,,,,,,,
DP-MP_t,num_requests_per_trial,5,5,593145736,,25,40,10.0,SUMMARY,0.0,0.0,0.0,,,,,,,,,,,,,,,0.07021410000000117,0.0006928999999971097,0.0019305000000002792,0.07214460000000145,0.07320220000000432,0.07320220000000432,,,,,,,1,,,0.0,0.0,0.0,0.0,0.0,0.0,0.0,0.0
LP_R-MP_t,num_requests_per_trial,5,5,593145736,,25,40,10.0,0,2.0,2.0,2.0,5000.238187250793,0.2381872507928977,5,7,40,2,3,"[1, 0, 1, 0, 0]","[[4, 18, 12], [19, 13, 21], [3, 1, 15], [12, 6, 4], [20, 2, 0]]","[[4, 18, 12], [19, 13, 21], [3, 1, 15], [12, 6, 4], [20, 2, 0]]",40,40,40,160,0.6288765000000041,0.00047419999999931406,0.0017808999999999742,0.630657400000004,0.6314579000000009,0.6314579000000009,"{(0, 1): 2, (0, 5): 2, (1, 2): 2, (2, 3): 1, (3, 4): 2, (3, 8): 2, (4, 9): 2, (5, 10): 2, (6, 7): 2, (7, 8): 2, (7, 12): 2, (8, 9): 2, (8, 13): 2, (10, 15): 2, (11, 12): 1, (12, 13): 2, (13, 14): 1, (13, 18): 3, (14, 19): 1, (15, 20): 1, (17, 18): 1, (17, 22): 1, (18, 19): 1, (21, 22): 1}",148139878,1899179786,2012288188,689960118,"[4265918666, 2813778286, 1199889537, 3769681090, 2598892638]",1,4029182149,"{'lp_objective': 5000.238187250793, 'ilp_expected_objective': 5000.238187250793, 'ilp_expected_throughput_term': 0.2381872507928977, 'ilp_covered_requests': 5, 'ilp_selected_tree_count': 7, 'deployed_source_count': 40, 'ilp_objective_mode': 'coverage_expected_throughput', 'lp_status': 'OPTIMAL', 'lp_candidate_seed': 1934997417, 'lp_solver_seed': 1901584977, 'lp_selected_trees': 7, 'lp_candidate_tree_counts': {0: 10, 1: 8, 2: 5, 3: 11, 4: 2}, 'lp_minimum_routing_source_placement': None, 'lp_used_budget': 40, 'lp_memory_load': {0: 4, 1: 4, 2: 3, 3: 5, 4: 4, 5: 4, 6: 2, 7: 6, 8: 8, 9: 4, 10: 4, 11: 1, 12: 5, 13: 8, 14: 2, 15: 3, 17: 2, 18: 5, 19: 2, 20: 1, 21: 1, 22: 2}, 'used_budget': 40, 'candidate_edge_count': 40, 'effective_capacity': 160}",,,,,,,,
LP_R-MP_t,num_requests_per_trial,5,5,593145736,,25,40,10.0,SUMMARY,2.0,2.0,2.0,,,,,,,,,,,,,,,0.6288765000000041,0.00047419999999931406,0.0017808999999999742,0.630657400000004,0.6314579000000009,0.6314579000000009,,,,,,,1,,,0.0,0.0,0.0,0.0,0.0,0.0,0.0,0.0
ILP_CG-MP_t,num_requests_per_trial,5,5,593145736,,25,40,10.0,0,2.0,2.0,2.0,5000.208340603152,0.20834060315147723,5,7,40,2,3,"[1, 0, 1, 0, 0]","[[4, 18, 12], [19, 13, 21], [3, 1, 15], [12, 6, 4], [20, 2, 0]]","[[4, 18, 12], [19, 13, 21], [3, 1, 15], [12, 6, 4], [20, 2, 0]]",40,40,40,160,0.6847192000000035,0.000544800000000123,0.0019024999999999181,0.6866217000000034,0.6876195999999979,0.6876195999999979,"{(0, 1): 2, (0, 5): 2, (1, 2): 3, (1, 6): 1, (2, 3): 2, (3, 4): 1, (3, 8): 1, (4, 9): 2, (5, 6): 1, (5, 10): 3, (6, 7): 2, (6, 11): 1, (7, 8): 2, (7, 12): 2, (8, 9): 2, (8, 13): 1, (10, 15): 3, (12, 13): 1, (13, 14): 1, (13, 18): 2, (14, 19): 1, (15, 20): 1, (17, 18): 1, (17, 22): 1, (21, 22): 1}",3403111947,1899179786,2012288188,689960118,"[4265918666, 2813778286, 1199889537, 3769681090, 2598892638]",1,4029182149,"{'ilp_objective': 5000.208340603152, 'ilp_expected_objective': 5000.208340603152, 'ilp_expected_throughput_term': 0.20834060315147723, 'ilp_covered_requests': 5, 'ilp_selected_tree_count': 7, 'deployed_source_count': 40, 'ilp_objective_mode': 'coverage_expected_throughput', 'ilp_use_redundancy_reward': False, 'ilp_spend_remaining_budget_after_solve': True, 'ilp_status': 'OPTIMAL', 'ilp_cg_iterations': 1, 'ilp_cg_added_columns': 4, 'ilp_cg_pricing_mode': 'candidate_pool_exact', 'ilp_cg_pricing_pool_trees': 32, 'ilp_cg_pricing_pool_seed': 1934997417, 'ilp_cg_initial_seed': 1934997417, 'ilp_cg_final_solver_seed': 4122478884, 'ilp_cg_max_trees_per_request': 2, 'ilp_cg_max_pricing_columns_per_request': 1, 'ilp_selected_trees': 7, 'ilp_candidate_tree_counts': {0: 3, 1: 3, 2: 3, 3: 3, 4: 2}, 'ilp_minimum_routing_source_placement': {(0, 1): 2, (0, 5): 2, (1, 2): 3, (1, 6): 1, (2, 3): 2, (3, 4): 1, (3, 8): 1, (4, 9): 2, (5, 6): 1, (5, 10): 3, (6, 7): 2, (7, 8): 2, (7, 12): 2, (8, 9): 2, (8, 13): 1, (10, 15): 3, (12, 13): 1, (13, 14): 1, (13, 18): 2, (14, 19): 1, (15, 20): 1, (17, 18): 1, (17, 22): 1, (21, 22): 1}, 'ilp_optimized_z_used_budget': 39, 'ilp_deployed_used_budget': 40, 'ilp_redundant_used_budget': 40, 'ilp_redundant_routing_source_placement': {(0, 1): 2, (0, 5): 2, (1, 2): 3, (1, 6): 1, (2, 3): 2, (3, 4): 1, (3, 8): 1, (4, 9): 2, (5, 6): 1, (5, 10): 3, (6, 7): 2, (6, 11): 1, (7, 8): 2, (7, 12): 2, (8, 9): 2, (8, 13): 1, (10, 15): 3, (12, 13): 1, (13, 14): 1, (13, 18): 2, (14, 19): 1, (15, 20): 1, (17, 18): 1, (17, 22): 1, (21, 22): 1}, 'ilp_redundant_memory_load': {0: 4, 1: 6, 2: 5, 3: 4, 4: 3, 5: 6, 6: 5, 7: 6, 8: 6, 9: 4, 10: 6, 11: 1, 12: 3, 13: 5, 14: 2, 15: 4, 17: 2, 18: 3, 19: 1, 20: 1, 21: 1, 22: 2}, 'used_budget': 40, 'candidate_edge_count': 40, 'effective_capacity': 160}",,,,,,,,
ILP_CG-MP_t,num_requests_per_trial,5,5,593145736,,25,40,10.0,SUMMARY,2.0,2.0,2.0,,,,,,,,,,,,,,,0.6847192000000035,0.000544800000000123,0.0019024999999999181,0.6866217000000034,0.6876195999999979,0.6876195999999979,,,,,,,1,,,0.0,0.0,0.0,0.0,0.0,0.0,0.0,0.0
ILP-MP_t,num_requests_per_trial,5,5,593145736,,25,40,10.0,0,1.0,1.0,1.0,5000.185093992189,0.18509399218934652,5,7,40,1,4,"[1, 0, 0, 0, 0]","[[4, 18, 12], [19, 13, 21], [3, 1, 15], [12, 6, 4], [20, 2, 0]]","[[4, 18, 12], [19, 13, 21], [3, 1, 15], [12, 6, 4], [20, 2, 0]]",40,40,40,160,0.0672406000000052,0.0005054999999956067,0.0022165999999970154,0.06945720000000222,0.0703692000000018,0.0703692000000018,"{(0, 1): 2, (0, 5): 2, (1, 2): 2, (2, 3): 2, (2, 7): 1, (3, 4): 2, (3, 8): 1, (4, 9): 2, (5, 10): 2, (6, 7): 1, (7, 8): 1, (7, 12): 2, (8, 9): 1, (8, 13): 1, (9, 14): 1, (10, 15): 2, (12, 13): 2, (12, 17): 1, (13, 14): 1, (13, 18): 2, (14, 19): 2, (15, 20): 1, (17, 18): 1, (18, 19): 1, (19, 24): 1, (21, 22): 1, (22, 23): 1, (23, 24): 1}",314954152,1899179786,2012288188,689960118,"[4265918666, 2813778286, 1199889537, 3769681090, 2598892638]",1,4029182149,"{'ilp_objective': 5000.185093992189, 'ilp_expected_objective': 5000.185093992189, 'ilp_expected_throughput_term': 0.18509399218934652, 'ilp_covered_requests': 5, 'ilp_selected_tree_count': 7, 'deployed_source_count': 40, 'ilp_objective_mode': 'coverage_expected_throughput', 'ilp_use_redundancy_reward': False, 'ilp_spend_remaining_budget_after_solve': True, 'ilp_status': 'OPTIMAL', 'ilp_candidate_seed': 1934997417, 'ilp_solver_seed': 1714257075, 'ilp_selected_trees': 7, 'ilp_candidate_tree_counts': {0: 4, 1: 4, 2: 4, 3: 4, 4: 2}, 'ilp_minimum_routing_source_placement': {(0, 1): 2, (0, 5): 2, (1, 2): 2, (2, 3): 2, (2, 7): 1, (3, 4): 2, (3, 8): 1, (4, 9): 2, (5, 10): 2, (6, 7): 1, (7, 8): 1, (7, 12): 2, (8, 9): 1, (8, 13): 1, (9, 14): 1, (10, 15): 2, (12, 13): 2, (12, 17): 1, (13, 14): 1, (13, 18): 2, (14, 19): 2, (15, 20): 1, (17, 18): 1, (18, 19): 1, (19, 24): 1, (21, 22): 1, (22, 23): 1, (23, 24): 1}, 'ilp_optimized_z_used_budget': 40, 'ilp_deployed_used_budget': 40, 'ilp_redundant_used_budget': 40, 'ilp_redundant_routing_source_placement': {(0, 1): 2, (0, 5): 2, (1, 2): 2, (2, 3): 2, (2, 7): 1, (3, 4): 2, (3, 8): 1, (4, 9): 2, (5, 10): 2, (6, 7): 1, (7, 8): 1, (7, 12): 2, (8, 9): 1, (8, 13): 1, (9, 14): 1, (10, 15): 2, (12, 13): 2, (12, 17): 1, (13, 14): 1, (13, 18): 2, (14, 19): 2, (15, 20): 1, (17, 18): 1, (18, 19): 1, (19, 24): 1, (21, 22): 1, (22, 23): 1, (23, 24): 1}, 'ilp_redundant_memory_load': {0: 4, 1: 4, 2: 5, 3: 5, 4: 4, 5: 4, 6: 1, 7: 5, 8: 4, 9: 4, 10: 4, 12: 5, 13: 6, 14: 4, 15: 3, 17: 2, 18: 4, 19: 4, 20: 1, 21: 1, 22: 2, 23: 2, 24: 2}, 'used_budget': 40, 'candidate_edge_count': 40, 'effective_capacity': 160}",,,,,,,,
ILP-MP_t,num_requests_per_trial,5,5,593145736,,25,40,10.0,SUMMARY,1.0,1.0,1.0,,,,,,,,,,,,,,,0.0672406000000052,0.0005054999999956067,0.0022165999999970154,0.06945720000000222,0.0703692000000018,0.0703692000000018,,,,,,,1,,,0.0,0.0,0.0,0.0,0.0,0.0,0.0,0.0
BT-MP_t,num_requests_per_trial,6,6,593145736,,25,40,10.0,0,1.0,1.0,1.0,,,,,40,1,5,"[1, 0, 0, 0, 0, 0]","[[4, 18, 12], [19, 13, 21], [3, 1, 15], [12, 6, 4], [20, 2, 0], [18, 5, 22]]","[[4, 18, 12], [19, 13, 21], [3, 1, 15], [12, 6, 4], [20, 2, 0], [18, 5, 22]]",40,40,40,160,0.0037572999999966328,0.00048229999999449547,0.0019852000000000203,0.005742499999996653,0.006723999999998398,0.006723999999998398,"{(12, 13): 1, (7, 12): 1, (11, 12): 1, (12, 17): 1, (6, 7): 1, (7, 8): 1, (6, 11): 1, (8, 13): 1, (11, 16): 1, (13, 18): 1, (16, 17): 1, (17, 18): 1, (2, 7): 1, (10, 11): 1, (13, 14): 1, (17, 22): 1, (16, 21): 1, (18, 19): 1, (18, 23): 1, (3, 8): 1, (5, 6): 1, (8, 9): 1, (15, 16): 1, (1, 6): 1, (1, 2): 1, (2, 3): 1, (5, 10): 1, (9, 14): 1, (10, 15): 1, (14, 19): 1, (21, 22): 1, (22, 23): 1, (4, 9): 1, (0, 1): 1, (0, 5): 1, (3, 4): 1, (15, 20): 1, (19, 24): 1, (20, 21): 1, (23, 24): 1}",1917356134,3074377297,2012288188,689960118,"[4265918666, 2813778286, 1199889537, 3769681090, 2598892638, 1870276466]",1,4029182149,"{'betweenness_scores': {(0, 1): 0.04896031746031746, (0, 5): 0.04896031746031746, (1, 2): 0.06992857142857144, (1, 6): 0.0758253968253968, (5, 6): 0.07582539682539681, (5, 10): 0.06992857142857144, (2, 3): 0.06992857142857144, (2, 7): 0.08376190476190479, (6, 7): 0.11528571428571432, (6, 11): 0.11528571428571428, (3, 4): 0.04896031746031746, (3, 8): 0.07582539682539681, (7, 8): 0.11528571428571431, (7, 12): 0.12957142857142856, (4, 9): 0.04896031746031747, (8, 9): 0.07582539682539681, (8, 13): 0.11528571428571428, (9, 14): 0.06992857142857144, (10, 11): 0.08376190476190479, (10, 15): 0.06992857142857144, (11, 12): 0.12957142857142856, (11, 16): 0.11528571428571428, (12, 13): 0.1295714285714286, (12, 17): 0.12957142857142856, (13, 14): 0.08376190476190479, (13, 18): 0.11528571428571428, (14, 19): 0.06992857142857144, (15, 16): 0.07582539682539681, (15, 20): 0.04896031746031746, (16, 17): 0.11528571428571428, (16, 21): 0.07582539682539682, (17, 18): 0.11528571428571428, (17, 22): 0.08376190476190476, (18, 19): 0.07582539682539682, (18, 23): 0.07582539682539682, (19, 24): 0.04896031746031746, (20, 21): 0.04896031746031746, (21, 22): 0.06992857142857144, (22, 23): 0.06992857142857144, (23, 24): 0.04896031746031746}, 'allocation': {(0, 1): 1, (0, 5): 1, (1, 2): 1, (1, 6): 1, (2, 3): 1, (2, 7): 1, (3, 4): 1, (3, 8): 1, (4, 9): 1, (5, 6): 1, (5, 10): 1, (6, 7): 1, (6, 11): 1, (7, 8): 1, (7, 12): 1, (8, 9): 1, (8, 13): 1, (9, 14): 1, (10, 11): 1, (10, 15): 1, (11, 12): 1, (11, 16): 1, (12, 13): 1, (12, 17): 1, (13, 14): 1, (13, 18): 1, (14, 19): 1, (15, 16): 1, (15, 20): 1, (16, 17): 1, (16, 21): 1, (17, 18): 1, (17, 22): 1, (18, 19): 1, (18, 23): 1, (19, 24): 1, (20, 21): 1, (21, 22): 1, (22, 23): 1, (23, 24): 1}, 'used_budget': 40, 'candidate_edge_count': 40, 'effective_capacity': 160}",,,,,,,,
BT-MP_t,num_requests_per_trial,6,6,593145736,,25,40,10.0,SUMMARY,1.0,1.0,1.0,,,,,,,,,,,,,,,0.0037572999999966328,0.00048229999999449547,0.0019852000000000203,0.005742499999996653,0.006723999999998398,0.006723999999998398,,,,,,,1,,,0.0,0.0,0.0,0.0,0.0,0.0,0.0,0.0
DP-MP_t,num_requests_per_trial,6,6,593145736,,25,40,10.0,0,1.0,1.0,1.0,,,,,40,1,5,"[1, 0, 0, 0, 0, 0]","[[4, 18, 12], [19, 13, 21], [3, 1, 15], [12, 6, 4], [20, 2, 0], [18, 5, 22]]","[[4, 18, 12], [19, 13, 21], [3, 1, 15], [12, 6, 4], [20, 2, 0], [18, 5, 22]]",40,40,40,160,0.07232169999999627,0.0006327999999982126,0.0015768999999963285,0.0738985999999926,0.07487199999999916,0.07487199999999916,"{(0, 1): 1, (1, 2): 2, (1, 6): 1, (2, 3): 2, (3, 4): 1, (3, 8): 1, (4, 9): 1, (5, 6): 1, (5, 10): 2, (6, 7): 1, (6, 11): 2, (7, 8): 1, (7, 12): 2, (10, 15): 2, (11, 12): 1, (11, 16): 1, (12, 13): 2, (12, 17): 2, (13, 14): 1, (13, 18): 2, (14, 19): 1, (16, 21): 2, (17, 18): 2, (17, 22): 2, (18, 19): 1, (21, 22): 2, (22, 23): 1}",1401080234,1198487884,2012288188,689960118,"[4265918666, 2813778286, 1199889537, 3769681090, 2598892638, 1870276466]",1,4029182149,"{'used_budget': 40, 'candidate_edge_count': 40, 'effective_capacity': 160, 'dp_candidate_seed': 3229805457, 'dp_candidate_tree_counts': {0: 4, 1: 4, 2: 4, 3: 4, 4: 2, 5: 4}, 'dp_path_edge_count': 40, 'dp_allocation': {(0, 1): 1, (0, 5): 0, (1, 2): 2, (1, 6): 1, (2, 3): 2, (2, 7): 0, (3, 4): 1, (3, 8): 1, (4, 9): 1, (5, 6): 1, (5, 10): 2, (6, 7): 1, (6, 11): 2, (7, 8): 1, (7, 12): 2, (8, 9): 0, (8, 13): 0, (9, 14): 0, (10, 11): 0, (10, 15): 2, (11, 12): 1, (11, 16): 1, (12, 13): 2, (12, 17): 2, (13, 14): 1, (13, 18): 2, (14, 19): 1, (15, 16): 0, (15, 20): 0, (16, 17): 0, (16, 21): 2, (17, 18): 2, (17, 22): 2, (18, 19): 1, (18, 23): 0, (19, 24): 0, (20, 21): 0, (21, 22): 2, (22, 23): 1, (23, 24): 0}, 'dp_value': 10.307003827100038, 'dp_parts': {'F_topo': {(3, 4): 0.5823947322820577, (3, 8): 0.7038641483277952, (8, 13): 0.790504245364697, (13, 18): 0.8106047478772584, (4, 9): 0.36891353318312997, (8, 9): 0.18038468203083072, (9, 14): 0.25177612198923827, (13, 14): 0.21989256627965828, (14, 19): 0.33599029630910704, (18, 19): 0.584647374805017, (2, 3): 0.8740252989082717, (2, 7): 0.8242938832090888, (7, 12): 0.9882169468029082, (7, 8): 0.5148154565932737, (12, 13): 0.8703864148327213, (1, 2): 0.892739559868242, (1, 6): 0.8402356610638789, (6, 11): 0.9999999999999272, (11, 16): 0.8145901923409562, (16, 21): 0.7762952694506453, (6, 7): 0.8388494195112889, (11, 12): 0.7418125108299582, (12, 17): 0.8762779414312302, (16, 17): 0.683417085427086, (17, 18): 0.8218679604920556, (17, 22): 0.754461964997346, (21, 22): 0.5938312250909289, (18, 23): 0.16790850805751692, (22, 23): 0.2328885808351938, (19, 24): 0.0, (23, 24): 0.0, (0, 1): 0.6064806792583168, (0, 5): 0.5766764858776223, (5, 10): 0.7201524865707325, (10, 15): 0.7676312597469549, (5, 6): 0.7362675446195968, (10, 11): 0.36544792930165415, (15, 16): 0.665569225437484, (15, 20): 0.596430428002036, (20, 21): 0.5035522439784769}, 'F_demand': {(0, 1): 0.33333333333327775, (0, 5): 0.16666666666663887, (1, 2): 0.8333333333331945, (1, 6): 0.4999999999999167, (2, 3): 0.6666666666665555, (2, 7): 0.16666666666663887, (3, 4): 0.4999999999999167, (3, 8): 0.33333333333327775, (4, 9): 0.4999999999999167, (5, 6): 0.33333333333327775, (5, 10): 0.6666666666665555, (6, 7): 0.4999999999999167, (6, 11): 0.6666666666665555, (7, 8): 0.33333333333327775, (7, 12): 0.8333333333331945, (8, 9): 0.16666666666663887, (8, 13): 0.16666666666663887, (9, 14): 0.16666666666663887, (10, 11): 0.16666666666663887, (10, 15): 0.6666666666665555, (11, 12): 0.4999999999999167, (11, 16): 0.33333333333327775, (12, 13): 0.9999999999998334, (12, 17): 0.6666666666665555, (13, 14): 0.33333333333327775, (13, 18): 0.6666666666665555, (14, 19): 0.33333333333327775, (15, 16): 0.0, (15, 20): 0.16666666666663887, (16, 17): 0.16666666666663887, (16, 21): 0.4999999999999167, (17, 18): 0.6666666666665555, (17, 22): 0.4999999999999167, (18, 19): 0.33333333333327775, (18, 23): 0.16666666666663887, (19, 24): 0.0, (20, 21): 0.16666666666663887, (21, 22): 0.4999999999999167, (22, 23): 0.33333333333327775, (23, 24): 0.0}, 'F_qual': {(0, 1): 0.0, (0, 5): 0.0, (1, 2): 0.0, (1, 6): 0.0, (2, 3): 0.0, (2, 7): 0.0, (3, 4): 0.0, (3, 8): 0.0, (4, 9): 0.0, (5, 6): 0.0, (5, 10): 0.0, (6, 7): 0.0, (6, 11): 0.0, (7, 8): 0.0, (7, 12): 0.0, (8, 9): 0.0, (8, 13): 0.0, (9, 14): 0.0, (10, 11): 0.0, (10, 15): 0.0, (11, 12): 0.0, (11, 16): 0.0, (12, 13): 0.0, (12, 17): 0.0, (13, 14): 0.0, (13, 18): 0.0, (14, 19): 0.0, (15, 16): 0.0, (15, 20): 0.0, (16, 17): 0.0, (16, 21): 0.0, (17, 18): 0.0, (17, 22): 0.0, (18, 19): 0.0, (18, 23): 0.0, (19, 24): 0.0, (20, 21): 0.0, (21, 22): 0.0, (22, 23): 0.0, (23, 24): 0.0}, 'F_overlap': {(0, 1): 0.0, (0, 5): 0.0, (1, 2): 0.0, (1, 6): 0.0, (2, 3): 0.0, (2, 7): 0.0, (3, 4): 0.0, (3, 8): 0.0, (4, 9): 0.0, (5, 6): 0.0, (5, 10): 0.0, (6, 7): 0.0, (6, 11): 0.0, (7, 8): 0.0, (7, 12): 0.0, (8, 9): 0.0, (8, 13): 0.0, (9, 14): 0.0, (10, 11): 0.0, (10, 15): 0.0, (11, 12): 0.0, (11, 16): 0.0, (12, 13): 0.0, (12, 17): 0.0, (13, 14): 0.0, (13, 18): 0.0, (14, 19): 0.0, (15, 16): 0.0, (15, 20): 0.0, (16, 17): 0.0, (16, 21): 0.0, (17, 18): 0.0, (17, 22): 0.0, (18, 19): 0.0, (18, 23): 0.0, (19, 24): 0.0, (20, 21): 0.0, (21, 22): 0.0, (22, 23): 0.0, (23, 24): 0.0}}, 'dp_total_pairs': 40}",,,,,,,,
DP-MP_t,num_requests_per_trial,6,6,593145736,,25,40,10.0,SUMMARY,1.0,1.0,1.0,,,,,,,,,,,,,,,0.07232169999999627,0.0006327999999982126,0.0015768999999963285,0.0738985999999926,0.07487199999999916,0.07487199999999916,,,,,,,1,,,0.0,0.0,0.0,0.0,0.0,0.0,0.0,0.0
LP_R-MP_t,num_requests_per_trial,6,6,593145736,,25,40,10.0,0,2.0,2.0,2.0,6000.219149959577,0.21914995957790717,6,7,40,2,4,"[1, 0, 1, 0, 0, 0]","[[4, 18, 12], [19, 13, 21], [3, 1, 15], [12, 6, 4], [20, 2, 0], [18, 5, 22]]","[[4, 18, 12], [19, 13, 21], [3, 1, 15], [12, 6, 4], [20, 2, 0], [18, 5, 22]]",40,40,40,160,0.7949027000000015,0.0004638999999997395,0.002528699999999162,0.7974314000000007,0.7982316999999952,0.7982316999999952,"{(0, 1): 2, (0, 5): 2, (1, 2): 2, (2, 3): 1, (3, 4): 2, (3, 8): 2, (4, 9): 1, (5, 10): 3, (6, 7): 2, (7, 8): 2, (7, 12): 2, (8, 9): 1, (8, 13): 1, (10, 15): 3, (12, 13): 2, (12, 17): 1, (13, 14): 1, (13, 18): 2, (15, 16): 1, (15, 20): 1, (16, 17): 2, (16, 21): 1, (17, 18): 1, (17, 22): 1, (18, 19): 1}",148139878,1899179786,2012288188,689960118,"[4265918666, 2813778286, 1199889537, 3769681090, 2598892638, 1870276466]",1,4029182149,"{'lp_objective': 6000.219149959577, 'ilp_expected_objective': 6000.219149959577, 'ilp_expected_throughput_term': 0.21914995957790717, 'ilp_covered_requests': 6, 'ilp_selected_tree_count': 7, 'deployed_source_count': 40, 'ilp_objective_mode': 'coverage_expected_throughput', 'lp_status': 'OPTIMAL', 'lp_candidate_seed': 1934997417, 'lp_solver_seed': 1901584977, 'lp_selected_trees': 7, 'lp_candidate_tree_counts': {0: 10, 1: 8, 2: 5, 3: 11, 4: 2, 5: 17}, 'lp_minimum_routing_source_placement': None, 'lp_used_budget': 40, 'lp_memory_load': {0: 4, 1: 4, 2: 3, 3: 5, 4: 3, 5: 5, 6: 2, 7: 6, 8: 6, 9: 2, 10: 6, 12: 5, 13: 6, 14: 1, 15: 5, 16: 4, 17: 5, 18: 4, 19: 1, 20: 1, 21: 1, 22: 1}, 'used_budget': 40, 'candidate_edge_count': 40, 'effective_capacity': 160}",,,,,,,,
LP_R-MP_t,num_requests_per_trial,6,6,593145736,,25,40,10.0,SUMMARY,2.0,2.0,2.0,,,,,,,,,,,,,,,0.7949027000000015,0.0004638999999997395,0.002528699999999162,0.7974314000000007,0.7982316999999952,0.7982316999999952,,,,,,,1,,,0.0,0.0,0.0,0.0,0.0,0.0,0.0,0.0
ILP_CG-MP_t,num_requests_per_trial,6,6,593145736,,25,40,10.0,0,2.0,2.0,2.0,6000.210540615378,0.21054061537790716,6,7,40,2,4,"[1, 0, 1, 0, 0, 0]","[[4, 18, 12], [19, 13, 21], [3, 1, 15], [12, 6, 4], [20, 2, 0], [18, 5, 22]]","[[4, 18, 12], [19, 13, 21], [3, 1, 15], [12, 6, 4], [20, 2, 0], [18, 5, 22]]",40,40,40,160,0.783085199999995,0.0005048000000016373,0.0020306999999988307,0.7851158999999939,0.7859491000000034,0.7859491000000034,"{(0, 1): 2, (0, 5): 2, (1, 2): 2, (2, 3): 1, (3, 4): 1, (3, 8): 1, (4, 9): 2, (5, 10): 3, (6, 7): 2, (7, 8): 2, (7, 12): 2, (8, 9): 2, (8, 13): 1, (10, 15): 3, (12, 13): 1, (12, 17): 1, (13, 14): 1, (13, 18): 2, (14, 19): 1, (15, 16): 1, (15, 20): 1, (16, 17): 1, (17, 18): 2, (17, 22): 2, (21, 22): 1}",3403111947,1899179786,2012288188,689960118,"[4265918666, 2813778286, 1199889537, 3769681090, 2598892638, 1870276466]",1,4029182149,"{'ilp_objective': 6000.210540615378, 'ilp_expected_objective': 6000.210540615378, 'ilp_expected_throughput_term': 0.21054061537790716, 'ilp_covered_requests': 6, 'ilp_selected_tree_count': 7, 'deployed_source_count': 40, 'ilp_objective_mode': 'coverage_expected_throughput', 'ilp_use_redundancy_reward': False, 'ilp_spend_remaining_budget_after_solve': True, 'ilp_status': 'OPTIMAL', 'ilp_cg_iterations': 1, 'ilp_cg_added_columns': 4, 'ilp_cg_pricing_mode': 'candidate_pool_exact', 'ilp_cg_pricing_pool_trees': 32, 'ilp_cg_pricing_pool_seed': 1934997417, 'ilp_cg_initial_seed': 1934997417, 'ilp_cg_final_solver_seed': 4122478884, 'ilp_cg_max_trees_per_request': 2, 'ilp_cg_max_pricing_columns_per_request': 1, 'ilp_selected_trees': 7, 'ilp_candidate_tree_counts': {0: 3, 1: 3, 2: 2, 3: 3, 4: 2, 5: 3}, 'ilp_minimum_routing_source_placement': {(0, 1): 2, (0, 5): 2, (1, 2): 2, (2, 3): 1, (3, 4): 1, (3, 8): 1, (4, 9): 2, (5, 10): 3, (6, 7): 2, (7, 8): 2, (7, 12): 2, (8, 9): 2, (8, 13): 1, (10, 15): 3, (12, 13): 1, (13, 14): 1, (13, 18): 2, (14, 19): 1, (15, 16): 1, (15, 20): 1, (16, 17): 1, (17, 18): 2, (17, 22): 2, (21, 22): 1}, 'ilp_optimized_z_used_budget': 39, 'ilp_deployed_used_budget': 40, 'ilp_redundant_used_budget': 40, 'ilp_redundant_routing_source_placement': {(0, 1): 2, (0, 5): 2, (1, 2): 2, (2, 3): 1, (3, 4): 1, (3, 8): 1, (4, 9): 2, (5, 10): 3, (6, 7): 2, (7, 8): 2, (7, 12): 2, (8, 9): 2, (8, 13): 1, (10, 15): 3, (12, 13): 1, (12, 17): 1, (13, 14): 1, (13, 18): 2, (14, 19): 1, (15, 16): 1, (15, 20): 1, (16, 17): 1, (17, 18): 2, (17, 22): 2, (21, 22): 1}, 'ilp_redundant_memory_load': {0: 4, 1: 4, 2: 3, 3: 3, 4: 3, 5: 5, 6: 2, 7: 6, 8: 6, 9: 4, 10: 6, 12: 4, 13: 5, 14: 2, 15: 5, 16: 2, 17: 6, 18: 4, 19: 1, 20: 1, 21: 1, 22: 3}, 'used_budget': 40, 'candidate_edge_count': 40, 'effective_capacity': 160}",,,,,,,,
ILP_CG-MP_t,num_requests_per_trial,6,6,593145736,,25,40,10.0,SUMMARY,2.0,2.0,2.0,,,,,,,,,,,,,,,0.783085199999995,0.0005048000000016373,0.0020306999999988307,0.7851158999999939,0.7859491000000034,0.7859491000000034,,,,,,,1,,,0.0,0.0,0.0,0.0,0.0,0.0,0.0,0.0
ILP-MP_t,num_requests_per_trial,6,6,593145736,,25,40,10.0,0,1.0,1.0,1.0,6000.187294004416,0.18729400441577645,6,7,40,1,5,"[1, 0, 0, 0, 0, 0]","[[4, 18, 12], [19, 13, 21], [3, 1, 15], [12, 6, 4], [20, 2, 0], [18, 5, 22]]","[[4, 18, 12], [19, 13, 21], [3, 1, 15], [12, 6, 4], [20, 2, 0], [18, 5, 22]]",40,40,40,160,0.07469650000000172,0.0004790999999997325,0.0015768000000022653,0.07627330000000399,0.07714880000000335,0.07714880000000335,"{(0, 1): 1, (0, 5): 1, (1, 2): 2, (1, 6): 1, (2, 3): 2, (2, 7): 1, (3, 4): 2, (3, 8): 1, (4, 9): 1, (5, 6): 2, (5, 10): 2, (6, 7): 2, (7, 8): 1, (7, 12): 3, (8, 9): 1, (8, 13): 1, (10, 15): 2, (12, 13): 1, (12, 17): 2, (13, 14): 1, (13, 18): 1, (14, 19): 1, (15, 20): 1, (17, 18): 2, (17, 22): 1, (19, 24): 1, (21, 22): 1, (22, 23): 1, (23, 24): 1}",314954152,1899179786,2012288188,689960118,"[4265918666, 2813778286, 1199889537, 3769681090, 2598892638, 1870276466]",1,4029182149,"{'ilp_objective': 6000.187294004416, 'ilp_expected_objective': 6000.187294004416, 'ilp_expected_throughput_term': 0.18729400441577645, 'ilp_covered_requests': 6, 'ilp_selected_tree_count': 7, 'deployed_source_count': 40, 'ilp_objective_mode': 'coverage_expected_throughput', 'ilp_use_redundancy_reward': False, 'ilp_spend_remaining_budget_after_solve': True, 'ilp_status': 'OPTIMAL', 'ilp_candidate_seed': 1934997417, 'ilp_solver_seed': 1714257075, 'ilp_selected_trees': 7, 'ilp_candidate_tree_counts': {0: 4, 1: 4, 2: 4, 3: 4, 4: 2, 5: 4}, 'ilp_minimum_routing_source_placement': {(0, 1): 1, (0, 5): 1, (1, 2): 2, (1, 6): 1, (2, 3): 2, (2, 7): 1, (3, 4): 2, (3, 8): 1, (4, 9): 1, (5, 6): 2, (5, 10): 2, (6, 7): 2, (7, 8): 1, (7, 12): 3, (8, 9): 1, (8, 13): 1, (10, 15): 2, (12, 13): 1, (12, 17): 2, (13, 14): 1, (13, 18): 1, (14, 19): 1, (15, 20): 1, (17, 18): 2, (17, 22): 1, (19, 24): 1, (21, 22): 1, (22, 23): 1, (23, 24): 1}, 'ilp_optimized_z_used_budget': 40, 'ilp_deployed_used_budget': 40, 'ilp_redundant_used_budget': 40, 'ilp_redundant_routing_source_placement': {(0, 1): 1, (0, 5): 1, (1, 2): 2, (1, 6): 1, (2, 3): 2, (2, 7): 1, (3, 4): 2, (3, 8): 1, (4, 9): 1, (5, 6): 2, (5, 10): 2, (6, 7): 2, (7, 8): 1, (7, 12): 3, (8, 9): 1, (8, 13): 1, (10, 15): 2, (12, 13): 1, (12, 17): 2, (13, 14): 1, (13, 18): 1, (14, 19): 1, (15, 20): 1, (17, 18): 2, (17, 22): 1, (19, 24): 1, (21, 22): 1, (22, 23): 1, (23, 24): 1}, 'ilp_redundant_memory_load': {0: 2, 1: 4, 2: 5, 3: 5, 4: 3, 5: 5, 6: 5, 7: 7, 8: 4, 9: 2, 10: 4, 12: 6, 13: 4, 14: 2, 15: 3, 17: 5, 18: 3, 19: 2, 20: 1, 21: 1, 22: 3, 23: 2, 24: 2}, 'used_budget': 40, 'candidate_edge_count': 40, 'effective_capacity': 160}",,,,,,,,
ILP-MP_t,num_requests_per_trial,6,6,593145736,,25,40,10.0,SUMMARY,1.0,1.0,1.0,,,,,,,,,,,,,,,0.07469650000000172,0.0004790999999997325,0.0015768000000022653,0.07627330000000399,0.07714880000000335,0.07714880000000335,,,,,,,1,,,0.0,0.0,0.0,0.0,0.0,0.0,0.0,0.0
